antecedent;consequent;lift;confidence;support;netconf;amplitude;coverage
JPM [-3.36, 17.56]%, SPY [3.79, 17.92]%, SAP [-24.64, 22.44]%;AAPL [-0.05, 18.41]%;1.584;0.946;0.03;0.36;0.498;0.032
month([1, 8]), week_number([549, 1172]), IYR [-31.10, 33.08]%, JPM [-9.02, 18.94]%, EFX [-17.79, 20.81]%, SPY [2.39, 17.92]%, BA [-27.03, 80.74]%;AAPL [0.11, 13.46]%;1.671;0.958;0.039;0.401;0.393;0.041
DIS [-2.10, 20.69]%, AMZN [2.50, 30.36]%, IYR [0.43, 33.08]%;AAPL [0.26, 7.38]%;1.344;0.681;0.131;0.216;0.582;0.193
INTC [-1.32, 20.24]%, month([1, 5]), EFX [2.33, 12.59]%, GLD [-7.42, 13.30]%;AAPL [0.47, 18.41]%;1.432;0.763;0.061;0.25;0.578;0.079
AMZN [-12.54, 40.68]%, JPM [1.58, 23.39]%, SAP [-24.55, 22.44]%, SPY [-11.67, 17.92]%;AAPL [1.11, 5.22]%;1.239;0.414;0.134;0.118;0.411;0.323
DIS [0.97, 20.10]%, SAP [2.91, 22.44]%, JPM [-4.74, 6.55]%, SPY [-6.44, 10.82]%, IYR [-14.44, 21.14]%, week_number([507, 1103]);AAPL [-1.19, 18.23]%;1.278;0.887;0.04;0.202;0.574;0.045
SAP [-20.36, 22.44]%, UUP [-1.43, 0.74]%, EFX [-2.69, 7.82]%, BA [-0.17, 84.72]%, TLT [-6.50, 8.35]%, EWP [-16.79, 19.94]%, KO [3.73, 11.49]%;AAPL [-1.27, 18.41]%;1.296;0.905;0.016;0.211;0.472;0.018
GOOGL [-11.47, 1.29]%, IYR [2.78, 9.03]%, SAP [-13.50, 11.72]%;AAPL [1.36, 9.18]%;1.213;0.491;0.022;0.09;0.738;0.045
INTC [0.68, 15.21]%, IYR [-4.63, 12.69]%;AAPL [1.55, 2.89]%;1.142;0.157;0.067;0.034;0.831;0.424
INTC [0.68, 15.21]%, IYR [-4.63, 12.69]%;AAPL [1.55, 2.89]%;1.142;0.157;0.067;0.034;0.831;0.424
MU [-8.28, 26.50]%, NVDA [-2.05, 36.33]%, AMZN [8.36, 28.74]%;AAPL [1.69, 18.41]%;1.764;0.694;0.029;0.314;0.585;0.042
UUP [-1.80, -0.05]%, IYR [0.25, 7.73]%;AAPL [-1.85, 6.46]%;1.191;0.797;0.164;0.161;0.843;0.206
NVDA [-13.23, 34.18]%, UUP [0.17, 2.17]%, DIS [-10.21, 13.57]%, BA [-19.71, 16.37]%;AAPL [-10.89, -3.38]%;1.132;0.159;0.056;0.029;0.621;0.353
BA [-10.47, 64.68]%, IYR [-4.54, -2.50]%, EFX [-16.72, 20.81]%;AAPL [-12.84, -0.74]%;1.397;0.466;0.035;0.143;0.594;0.075
EFX [-10.63, 1.44]%, SAP [-14.95, -0.07]%, CLX [-11.56, -3.72]%;AAPL [-13.96, 1.90]%;1.443;0.905;0.032;0.288;0.722;0.036
IYR [-4.06, -1.49]%, JPM [-18.65, 3.30]%;AAPL [-14.04, -2.35]%;1.578;0.319;0.044;0.136;0.8;0.139
JPM [-14.59, -1.62]%, IYR [0.09, 6.41]%;AAPL [-14.41, -2.19]%;1.124;0.243;0.021;0.029;0.815;0.088
IYR [-5.43, 7.83]%, XLE [2.90, 27.88]%;AAPL [2.02, 16.15]%;1.294;0.457;0.086;0.128;0.687;0.189
NVDA [7.96, 33.29]%, week_number([603, 1172]), XLE [-34.55, 4.87]%;AAPL [2.87, 18.41]%;1.814;0.5;0.022;0.235;0.54;0.044
WMT [-8.81, 15.32]%, CLX [-13.27, 0.68]%;AAPL [-20.97, -5.94]%;1.256;0.077;0.045;0.038;0.518;0.586
JPM [-37.13, 5.75]%, SAP [-25.73, -1.75]%;AAPL [-21.26, 1.38]%;1.275;0.729;0.183;0.21;0.481;0.252
IYR [-14.76, 33.08]%, SAP [-19.33, 16.33]%, AMZN [2.77, 14.43]%, EFX [-10.29, 7.17]%;AAPL [4.31, 11.05]%;1.951;0.306;0.074;0.197;0.577;0.242
month([1, 7]), SPY [-6.68, 10.22]%;AAPL [4.84, 18.41]%;1.116;0.157;0.091;0.039;0.559;0.581
EEM [-19.86, 28.15]%, EWP [-0.70, 19.94]%, JPM [-37.13, 17.99]%, DIS [-17.89, 11.87]%, IWM [-6.75, 21.65]%;AAPL [5.08, 10.93]%;1.203;0.143;0.091;0.067;0.411;0.64
EWP [-1.66, 19.94]%, week_number([390, 1139]), SPY [3.07, 17.92]%, JPM [-21.26, 21.41]%;AAPL [5.93, 18.41]%;4.169;0.409;0.015;0.323;0.529;0.038
EEM [-11.92, 6.57]%, XLF [0.60, 13.51]%, EFX [4.38, 20.81]%;AAPL [5.96, 18.41]%;1.542;0.15;0.01;0.057;0.711;0.068
AMZN [3.13, 19.20]%, NVDA [-19.55, 36.33]%;AAPL [8.05, 17.38]%;2.111;0.092;0.022;0.064;0.579;0.241
EFX [-8.44, 2.14]%, IYR [-3.30, 1.22]%, EWP [-25.35, 19.94]%, MSFT [-16.96, 1.53]%;AAPL [-9.64, -4.82]%;1.379;0.1;0.036;0.043;0.619;0.358
month([2, 6]), DIS [0.32, 16.34]%, IYR [-12.33, 10.76]%;BA [0.04, 80.98]%;1.279;0.686;0.14;0.188;0.561;0.204
SPY [3.76, 16.67]%, XLE [0.04, 13.93]%, AAPL [4.96, 18.41]%, XLV [-15.25, 8.39]%;BA [0.19, 51.35]%;1.759;0.905;0.016;0.397;0.548;0.018
IWM [-18.30, 20.79]%, IYR [4.48, 19.71]%, GOOGL [-11.68, 3.17]%, INTC [-11.30, 15.35]%, AAPL [-8.66, 9.24]%;BA [0.22, 68.46]%;1.706;0.875;0.018;0.37;0.54;0.02
month([1, 3]), AAPL [3.42, 11.27]%, INTC [3.07, 12.73]%, IYR [-9.69, 10.85]%;BA [-0.52, 55.42]%;1.173;0.706;0.01;0.106;0.746;0.015
DIS [-16.62, 20.69]%, EFX [-10.80, 2.46]%, IYR [1.70, 8.56]%, XLK [0.04, 2.08]%;BA [-0.74, 11.06]%;1.265;0.776;0.05;0.174;0.716;0.065
GOOGL [-16.25, 27.23]%, EEM [0.13, 16.89]%, SPY [0.63, 11.32]%, XLE [-6.02, 5.90]%;BA [-1.18, 84.78]%;1.249;0.848;0.272;0.249;0.516;0.321
GOOGL [-1.76, 18.84]%, IWM [-17.01, 21.65]%, AMZN [-1.57, 21.17]%;BA [-1.35, 83.99]%;1.131;0.795;0.468;0.224;0.416;0.588
NVDA [-13.06, 36.02]%, SPY [0.72, 13.65]%, IYR [-27.39, 31.12]%, DIS [-13.19, -0.89]%, AAPL [-0.05, 18.41]%, SAP [-16.77, 22.44]%, MSFT [-16.96, 16.89]%;BA [1.54, 30.09]%;1.283;0.447;0.018;0.103;0.415;0.04
SPY [-0.91, 9.30]%, IYR [-12.61, 8.86]%;BA [1.59, 55.02]%;1.229;0.425;0.318;0.316;0.654;0.749
SAP [-13.31, 17.08]%, DIS [0.53, 12.61]%, AMZN [-5.84, 26.18]%, GOOGL [-14.33, 14.33]%, CLX [-14.19, 12.78]%;BA [1.61, 81.07]%;1.517;0.522;0.215;0.303;0.431;0.412
GOOGL [2.01, 13.65]%, IWM [-13.70, 5.16]%, IYR [-7.93, 22.01]%;BA [-1.86, 64.42]%;1.118;0.834;0.235;0.123;0.585;0.282
IWM [-2.60, 17.09]%, JPM [-31.71, 7.91]%, GOOGL [-16.83, 23.58]%, AMZN [-2.62, 21.86]%;BA [2.12, 69.25]%;1.216;0.364;0.248;0.203;0.451;0.682
IYR [-28.79, 11.95]%, INTC [-13.16, 31.58]%, XLE [-0.22, 23.48]%, JPM [-37.13, 39.76]%;BA [4.04, 44.92]%;1.351;0.201;0.115;0.122;0.405;0.574
AMZN [-22.29, 21.71]%, CLX [-4.71, 20.84]%, IYR [-7.03, 12.79]%, MU [8.67, 28.45]%, GLD [-4.12, 10.99]%;BA [6.98, 25.28]%;2.962;0.149;0.015;0.109;0.549;0.097
IWM [5.45, 16.93]%, AMZN [-22.29, 24.57]%;BA [7.75, 50.73]%;9.265;0.364;0.01;0.334;0.554;0.028
NVDA [-26.45, 7.31]%, EFX [-10.16, 20.81]%, XLE [-18.75, 18.95]%, KO [2.75, 11.49]%, EEM [-2.65, 9.11]%, AAPL [2.78, 12.91]%;CLX [1.90, 17.67]%;2.412;0.5;0.015;0.302;0.593;0.031
INTC [-12.89, 25.14]%, SPY [2.33, 17.07]%;CLX [2.45, 17.09]%;2.046;0.304;0.035;0.175;0.549;0.115
XLK [-10.12, 12.63]%, MU [-45.48, 41.42]%, SPY [-18.91, 13.92]%, IYR [-17.85, 2.73]%;CLX [-5.97, -2.55]%;1.113;0.106;0.091;0.076;0.398;0.858
SPY [-18.91, 17.92]%, NVDA [-16.47, 36.33]%, AMZN [-0.06, 2.99]%, GOOGL [-5.08, 29.40]%, IYR [-11.15, 10.66]%, SAP [0.70, 5.55]%;DIA [-0.11, 15.11]%;1.405;0.858;0.108;0.283;0.511;0.126
AMZN [9.81, 33.66]%, GOOGL [-10.00, 11.31]%;DIA [0.42, 12.40]%;1.393;0.667;0.022;0.194;0.603;0.033
SPY [0.82, 5.49]%;DIA [-1.88, 15.11]%;1.131;1.0;0.38;0.187;0.687;0.38
AMZN [0.37, 6.90]%, DIS [-16.14, 9.48]%;DIA [2.69, 12.78]%;1.23;0.089;0.037;0.028;0.659;0.411
SAP [-12.79, 22.44]%, EEM [-3.22, 15.27]%, WMT [-3.45, 9.25]%, IYR [-15.65, 8.78]%;DIS [0.06, 8.10]%;1.102;0.549;0.462;0.319;0.605;0.84
KO [2.45, 11.49]%, SHY [-0.89, 1.06]%, AAPL [-9.62, 7.59]%, SPY [1.42, 17.92]%, MSFT [-6.16, 12.92]%;DIS [0.20, 19.34]%;1.724;0.853;0.049;0.38;0.494;0.058
SAP [-3.03, 19.83]%, AMZN [-3.85, 6.56]%, IYR [3.87, 7.97]%, JPM [1.31, 13.08]%;DIS [-0.42, 6.54]%;1.498;0.833;0.021;0.284;0.801;0.026
IWM [3.96, 21.65]%, XOM [-14.97, 5.05]%, XLE [-13.94, 27.88]%, KO [-0.93, 11.49]%;DIS [-0.98, 20.69]%;1.459;0.968;0.052;0.322;0.511;0.054
SAP [-4.57, 14.89]%, JPM [-19.18, 13.08]%, XLF [-0.74, 25.65]%, BA [5.69, 33.68]%, AMZN [-17.42, 30.48]%, IYR [-8.46, 19.30]%;DIS [-1.20, 10.30]%;1.325;0.902;0.063;0.238;0.583;0.07
GOOGL [-16.83, 8.84]%, JPM [-29.08, 16.94]%, EEM [-0.73, 15.68]%, CPB [-3.24, 16.21]%, week_number([505, 1042]), HYG [-6.00, 7.72]%, SPY [-5.09, 10.25]%, IYR [-25.76, 33.08]%;DIS [-1.60, 20.69]%;1.15;0.847;0.217;0.148;0.449;0.256
NVDA [-2.09, 12.13]%, EFX [-19.38, 19.82]%, KO [-1.27, 8.38]%;DIS [-1.64, 19.55]%;1.111;0.819;0.451;0.182;0.558;0.551
AMZN [-16.52, 7.07]%, IYR [-13.07, 19.86]%, XLK [-13.90, -2.79]%;DIS [-10.55, -0.13]%;1.705;0.765;0.075;0.351;0.629;0.098
SPY [-8.90, 11.94]%, IYR [-8.99, 12.11]%, BA [-38.83, 76.86]%, XLE [-12.61, -3.71]%;DIS [-12.14, -1.45]%;2.217;0.609;0.057;0.369;0.556;0.094
UUP [-4.71, -0.49]%, SPY [-7.86, 16.79]%, TLT [-3.41, 0.31]%, IYR [-21.40, 24.34]%;DIS [3.77, 12.93]%;2.069;0.233;0.026;0.136;0.562;0.113
KO [-4.45, 1.92]%, SHY [-0.13, 0.84]%, CLX [-12.08, -2.25]%, EWP [-13.17, 8.91]%, GOOGL [-16.83, 20.08]%;DIS [4.02, 20.69]%;1.133;0.124;0.01;0.016;0.568;0.083
SAP [1.49, 22.44]%, XLE [-2.00, 27.88]%, AAPL [4.69, 10.79]%;DIS [4.21, 20.69]%;2.948;0.304;0.018;0.214;0.642;0.059
CLX [-5.57, 9.36]%, KO [-19.22, 11.49]%, INTC [-0.85, 23.54]%, IYR [-27.34, 10.97]%;DIS [4.54, 20.69]%;1.363;0.113;0.069;0.078;0.449;0.613
NVDA [-34.50, 1.03]%;DIS [-5.23, -2.71]%;1.337;0.149;0.078;0.078;0.719;0.52
EEM [-9.19, 8.64]%, JPM [-37.13, 0.00]%, MSFT [-6.61, 16.89]%, IYR [-31.10, 33.08]%;DIS [-8.08, -5.91]%;1.463;0.032;0.014;0.018;0.488;0.421
INTC [-18.31, 34.16]%, SHY [0.04, 0.70]%, IYR [-8.48, 0.86]%;DIS [-9.16, -3.23]%;1.605;0.19;0.044;0.093;0.67;0.229
DIS [-1.54, 15.33]%, SPY [-4.19, 8.37]%, SHY [-0.63, 0.93]%;EEM [-0.31, 17.71]%;1.163;0.698;0.502;0.348;0.557;0.719
GOOGL [-16.83, 28.11]%, SAP [2.71, 15.91]%, JPM [-4.07, 9.54]%, IYR [2.05, 9.96]%, KO [-8.58, 9.98]%;EEM [4.16, 28.15]%;3.895;0.276;0.02;0.221;0.57;0.074
JPM [-12.07, 29.70]%, KO [3.64, 7.46]%, IYR [-7.32, 24.21]%, week_number([769, 1049]);EFX [0.88, 16.55]%;2.214;0.933;0.012;0.518;0.661;0.013
JPM [-2.34, 31.08]%, SPY [-1.06, 6.72]%, IYR [-13.10, 13.56]%;EFX [-1.24, 20.81]%;1.152;0.834;0.584;0.367;0.631;0.701
week_number([555, 1172]), DIS [-11.75, 0.99]%, XLE [-18.94, 5.52]%, BA [-39.88, 55.76]%, SPY [-14.50, 17.92]%, XLV [-14.10, 8.39]%;EFX [-14.58, -0.45]%;1.26;0.473;0.157;0.146;0.421;0.332
DIS [-20.56, 1.42]%, BA [-34.22, 84.78]%;EFX [-15.76, -3.30]%;1.286;0.151;0.103;0.106;0.428;0.682
XLE [-13.78, 6.96]%, EEM [-11.95, -1.06]%, BA [-16.89, 61.60]%;EFX [-18.19, -7.61]%;1.499;0.041;0.012;0.019;0.66;0.292
DIS [-7.54, -1.81]%, JPM [0.31, 6.64]%, GOOGL [-16.83, 1.56]%, IYR [-8.36, 7.77]%;EFX [-19.51, -1.38]%;1.446;0.373;0.016;0.12;0.758;0.044
EEM [-6.70, 19.55]%, SPY [-18.91, -1.09]%;EFX [-23.23, -7.49]%;2.644;0.079;0.015;0.061;0.577;0.195
EEM [-6.26, 20.75]%, UUP [-3.37, 0.80]%, GOOGL [-9.43, 25.12]%, EWP [-19.18, 19.60]%, month([3, 6]), XLE [-21.16, 27.88]%, IYR [-27.66, 33.08]%, SPY [-9.05, 7.55]%;EFX [3.88, 18.11]%;1.227;0.147;0.034;0.035;0.424;0.233
INTC [-4.53, 13.63]%, DIS [-7.03, -0.79]%, IYR [-7.96, 7.56]%;EFX [-32.27, 0.18]%;1.256;0.595;0.16;0.166;0.684;0.27
CLX [-10.86, 0.44]%, EEM [-25.71, 14.57]%, XLK [-17.04, 11.98]%, EWP [-24.07, 11.18]%, IYR [-31.10, 33.08]%, week_number([487, 1172]), UUP [0.77, 2.10]%, AAPL [-24.13, 14.37]%;EFX [-32.27, -2.90]%;1.9;0.274;0.017;0.138;0.346;0.062
UUP [-2.79, -0.72]%, XLE [-23.64, 18.24]%, IYR [-4.09, 30.41]%, DIS [-20.56, 10.25]%, TLT [-6.50, 11.91]%, AAPL [-24.13, 18.41]%;EFX [4.97, 11.93]%;1.601;0.104;0.016;0.046;0.389;0.156
DIS [-16.06, 10.97]%, IYR [-1.05, 23.07]%, UUP [-1.34, 6.24]%, AMZN [-18.35, 40.68]%, MSFT [-16.96, 12.47]%, AAPL [-21.85, 14.36]%;EFX [6.01, 12.15]%;1.122;0.046;0.026;0.011;0.357;0.557
SAP [0.85, 8.12]%, IYR [-9.98, 12.04]%;EFX [6.38, 11.23]%;1.239;0.044;0.018;0.014;0.808;0.404
AMZN [-22.29, 38.86]%, EWP [-24.73, 16.07]%, XLK [-2.35, 15.47]%;EFX [6.50, 8.41]%;1.151;0.024;0.02;0.024;0.392;0.869
SPY [-0.97, 3.10]%, IYR [-7.05, 5.98]%;EWP [-1.38, 12.46]%;1.138;0.841;0.587;0.338;0.796;0.698
XLE [-9.64, 0.69]%, INTC [-11.54, 15.81]%, IYR [-10.23, 3.40]%;EWP [-13.51, -3.46]%;1.628;0.172;0.083;0.128;0.755;0.48
SAP [-22.25, 20.85]%, XLF [-0.54, 31.52]%, GOOGL [2.10, 8.53]%, TLT [-5.73, 9.38]%, IYR [0.26, 27.40]%;EWP [2.25, 19.94]%;2.394;0.537;0.092;0.378;0.479;0.172
GOOGL [-11.98, 6.11]%, AMZN [-10.21, 30.03]%, XLE [4.40, 27.88]%, SPY [-6.32, 11.20]%, IYR [-9.53, 10.12]%;EWP [2.30, 17.98]%;2.795;0.611;0.049;0.427;0.579;0.081
AMZN [3.41, 33.69]%, CPB [-13.61, 20.14]%;EWP [2.49, 19.94]%;1.685;0.341;0.079;0.18;0.381;0.233
GOOGL [-11.63, 2.44]%, IYR [-13.85, 13.19]%, SPY [-6.14, -4.41]%;EWP [-21.81, 1.61]%;1.436;1.0;0.01;0.307;0.681;0.01
SPY [-9.40, 1.74]%, IYR [-8.79, 9.73]%;EWP [-22.37, -1.09]%;1.181;0.345;0.275;0.258;0.651;0.795
NVDA [-4.45, 5.40]%, SPY [-4.75, 1.36]%, BA [-26.24, 55.33]%, IYR [-11.67, 5.38]%;EWP [-26.38, 0.23]%;1.193;0.578;0.284;0.184;0.641;0.491
AMZN [-21.93, 40.68]%, EFX [-1.20, 20.81]%, XLF [-5.95, 31.52]%, INTC [-21.22, 7.73]%, XLK [-5.25, 7.89]%;EWP [5.23, 19.94]%;1.171;0.057;0.038;0.026;0.476;0.674
EFX [2.93, 20.81]%, IYR [-18.42, 8.69]%;EWP [7.13, 19.94]%;3.063;0.068;0.012;0.056;0.655;0.176
NVDA [-32.66, 35.71]%, GOOGL [-7.89, 16.01]%, JPM [-37.13, 23.35]%, TLT [3.10, 10.61]%, DIS [-4.28, 19.23]%, IYR [-5.39, 22.70]%;GLD [-1.24, 8.17]%;1.253;0.903;0.024;0.187;0.42;0.026
DIS [-19.82, 15.24]%, NVDA [-9.80, 17.04]%, AMZN [-13.47, 39.24]%, UUP [-2.41, 0.77]%, IYR [6.08, 33.08]%;GLD [-1.98, 13.30]%;1.244;1.0;0.01;0.198;0.436;0.01
SPY [-9.36, 4.93]%, INTC [-12.07, 23.15]%, DIS [-10.33, 20.69]%, IYR [-12.35, -4.12]%;GLD [-4.39, -0.80]%;1.566;0.406;0.022;0.155;0.618;0.055
SPY [-9.36, 4.93]%, INTC [-12.07, 23.15]%, DIS [-10.33, 20.69]%, IYR [-12.35, -4.12]%;GLD [-4.39, -0.80]%;1.566;0.406;0.022;0.155;0.618;0.055
SPY [-2.22, -0.11]%;GLD [-6.01, 0.15]%;1.139;0.489;0.133;0.082;0.849;0.272
JPM [2.80, 24.38]%, AMZN [7.71, 19.10]%, MSFT [1.37, 13.82]%, KO [-6.95, 6.79]%, IYR [-2.50, 9.85]%;GOOGL [2.04, 28.51]%;2.583;0.8;0.01;0.497;0.66;0.013
MSFT [-14.26, 9.51]%, NVDA [1.38, 35.72]%, EFX [-2.70, 4.65]%, IYR [-6.94, 26.65]%, GLD [-7.75, -1.00]%;HYG [0.09, 4.78]%;1.128;0.505;0.039;0.062;0.613;0.078
MSFT [-14.26, 9.51]%, NVDA [1.38, 35.72]%, EFX [-2.70, 4.65]%, IYR [-6.94, 26.65]%, GLD [-7.75, -1.00]%;HYG [0.09, 4.78]%;1.128;0.505;0.039;0.062;0.613;0.078
SPY [-0.43, 3.79]%, XLF [-28.78, 22.73]%, INTC [-6.89, 18.27]%, IYR [-16.45, 7.31]%;HYG [-0.10, 9.10]%;1.2;0.653;0.409;0.291;0.585;0.625
SPY [-0.12, 3.56]%;HYG [0.48, 2.73]%;1.363;0.328;0.191;0.209;0.901;0.583
SPY [-0.12, 3.56]%;HYG [0.48, 2.73]%;1.363;0.328;0.191;0.209;0.901;0.583
SPY [2.28, 7.20]%, IYR [-17.32, 7.24]%;HYG [0.96, 3.33]%;3.639;0.441;0.048;0.359;0.794;0.108
SPY [2.28, 7.20]%, IYR [-17.32, 7.24]%;HYG [0.96, 3.33]%;3.639;0.441;0.048;0.359;0.794;0.108
SPY [3.46, 11.92]%, IYR [-4.77, 4.81]%;HYG [1.51, 10.68]%;7.38;0.485;0.014;0.431;0.742;0.028
IWM [1.04, 10.68]%, NVDA [-8.40, 4.47]%, UUP [-3.17, 6.24]%, IYR [-11.14, 6.84]%, XLF [-20.31, 16.83]%;HYG [-1.55, 4.35]%;1.256;0.996;0.202;0.255;0.602;0.203
IWM [1.04, 10.68]%, NVDA [-8.40, 4.47]%, UUP [-3.17, 6.24]%, IYR [-11.14, 6.84]%, XLF [-20.31, 16.83]%;HYG [-1.55, 4.35]%;1.256;0.996;0.202;0.255;0.602;0.203
NVDA [-21.46, 15.03]%, EEM [-12.94, 7.61]%, SPY [-16.66, 8.65]%, XLV [-5.53, -0.23]%, IYR [-12.71, 10.40]%;HYG [-4.41, 0.76]%;1.135;0.753;0.279;0.142;0.603;0.37
NVDA [-21.46, 15.03]%, EEM [-12.94, 7.61]%, SPY [-16.66, 8.65]%, XLV [-5.53, -0.23]%, IYR [-12.71, 10.40]%;HYG [-4.41, 0.76]%;1.135;0.753;0.279;0.142;0.603;0.37
SPY [-8.09, 7.22]%, INTC [-29.00, 28.94]%, week_number([274, 1033]), IYR [-15.71, 3.42]%;HYG [-4.47, 1.14]%;1.246;0.933;0.549;0.448;0.515;0.589
SPY [-8.09, 7.22]%, INTC [-29.00, 28.94]%, week_number([274, 1033]), IYR [-15.71, 3.42]%;HYG [-4.47, 1.14]%;1.246;0.933;0.549;0.448;0.515;0.589
NVDA [-10.41, 12.76]%, AMZN [-22.29, 17.22]%, SPY [0.12, 6.52]%, IYR [-14.02, 13.01]%;INTC [-0.91, 8.58]%;1.28;0.76;0.406;0.357;0.663;0.534
MU [-45.48, 41.42]%, AMZN [-22.17, 40.68]%, IYR [0.08, 33.08]%, EFX [1.61, 20.81]%, month([6, 7]), XLE [-34.55, 27.88]%, TLT [-6.50, 11.91]%, AAPL [-20.82, 5.11]%;INTC [-0.98, 25.41]%;1.209;0.771;0.023;0.137;0.339;0.03
TLT [-4.00, 4.02]%, KO [-19.22, 11.49]%, UUP [-4.59, 6.24]%, BA [11.99, 50.26]%;INTC [-1.09, 41.48]%;1.448;0.941;0.014;0.295;0.333;0.015
SPY [-13.27, 14.98]%, JPM [3.01, 10.82]%, IYR [-11.79, 11.52]%;INTC [1.36, 9.75]%;1.643;0.552;0.099;0.263;0.662;0.179
AMZN [-22.29, 29.95]%, UUP [-1.24, 6.24]%, GOOGL [3.69, 17.94]%;INTC [1.74, 3.28]%;1.458;0.187;0.021;0.066;0.539;0.114
AMZN [-22.29, 29.95]%, UUP [-1.24, 6.24]%, GOOGL [3.69, 17.94]%;INTC [1.74, 3.28]%;1.458;0.187;0.021;0.066;0.539;0.114
MU [-28.76, 41.42]%, XLK [-1.15, 12.20]%;INTC [-1.93, 41.48]%;1.176;0.853;0.649;0.535;0.389;0.761
BA [-1.19, 36.87]%, IYR [-13.45, 14.48]%;INTC [10.69, 34.96]%;1.211;0.029;0.02;0.016;0.639;0.678
KO [-8.16, 1.34]%, HYG [-10.63, 6.57]%;INTC [-18.62, -2.00]%;1.103;0.295;0.179;0.07;0.57;0.608
KO [-6.38, 6.73]%, XLF [-0.89, 21.47]%;INTC [2.64, 12.04]%;1.299;0.293;0.201;0.214;0.692;0.685
EEM [-7.54, -3.77]%, XLK [-3.30, -0.42]%, HYG [-11.65, 9.50]%, SPY [-9.75, 17.92]%;INTC [-29.00, -0.08]%;2.03;0.929;0.022;0.483;0.553;0.024
month([1, 3]), XLK [-6.42, -0.68]%;INTC [-29.00, -2.45]%;2.446;0.582;0.039;0.369;0.755;0.067
SPY [-14.89, 1.75]%, BA [-27.02, 67.32]%, IYR [-12.50, 10.96]%;INTC [-4.61, -4.27]%;1.245;0.018;0.015;0.018;0.606;0.803
SPY [-14.89, 1.75]%, BA [-27.02, 67.32]%, IYR [-12.50, 10.96]%;INTC [-4.61, -4.27]%;1.245;0.018;0.015;0.018;0.606;0.803
CLX [-6.01, 10.07]%, GOOGL [5.09, 20.05]%, IYR [-16.73, 33.08]%;INTC [4.74, 41.48]%;2.764;0.349;0.032;0.245;0.481;0.09
SAP [-17.06, 0.78]%, BA [-25.49, 43.83]%, IYR [-11.46, 4.60]%;INTC [-9.06, -4.18]%;1.462;0.142;0.078;0.1;0.695;0.552
JPM [-0.23, 2.45]%, DIS [3.24, 6.90]%, IYR [-7.81, 10.78]%;IWM [-0.71, 3.53]%;1.398;0.778;0.03;0.23;0.873;0.038
JPM [-0.23, 2.45]%, DIS [3.24, 6.90]%, IYR [-7.81, 10.78]%;IWM [-0.71, 3.53]%;1.398;0.778;0.03;0.23;0.873;0.038
NVDA [-1.03, 2.54]%, UUP [-3.99, 3.14]%, SPY [-18.91, 11.11]%, XLE [-34.55, 8.76]%;IWM [-4.61, 2.42]%;1.131;0.855;0.186;0.126;0.527;0.218
JPM [-23.47, -0.18]%, XLE [-3.19, -1.00]%, EFX [-25.74, 5.93]%, IYR [-10.78, 7.90]%;IWM [-4.64, 1.76]%;1.411;0.945;0.103;0.309;0.727;0.109
JPM [-23.47, -0.18]%, XLE [-3.19, -1.00]%, EFX [-25.74, 5.93]%, IYR [-10.78, 7.90]%;IWM [-4.64, 1.76]%;1.411;0.945;0.103;0.309;0.727;0.109
AMZN [-6.57, 18.67]%, INTC [-0.75, 28.49]%;IWM [4.81, 10.24]%;1.596;0.064;0.038;0.06;0.688;0.6
UUP [-1.30, 0.19]%;IYR [-0.00, 7.07]%;1.129;0.615;0.242;0.116;0.877;0.394
JPM [2.36, 39.76]%;IYR [-0.03, 12.46]%;1.224;0.683;0.166;0.165;0.66;0.242
XLE [1.68, 9.08]%;IYR [-0.03, 7.23]%;1.177;0.645;0.209;0.143;0.884;0.324
EEM [2.65, 25.80]%, BA [-32.96, 77.25]%, XLE [-8.37, 7.94]%, XLK [-4.76, 0.38]%;IYR [0.06, 18.45]%;1.102;0.6;0.013;0.057;0.597;0.021
JPM [0.05, 10.66]%;IYR [0.06, 3.44]%;1.137;0.524;0.281;0.136;0.905;0.536
JPM [0.05, 10.66]%;IYR [0.06, 3.44]%;1.137;0.524;0.281;0.136;0.905;0.536
SPY [2.27, 3.65]%;IYR [0.09, 11.51]%;1.66;0.894;0.072;0.386;0.892;0.08
XLK [2.99, 15.38]%, SPY [3.60, 11.99]%, XLE [-13.67, 27.88]%;IYR [-0.11, 7.91]%;1.345;0.762;0.027;0.203;0.65;0.036
GOOGL [-10.43, 16.42]%, month([2, 10]), SPY [2.53, 5.67]%;IYR [-0.12, 33.08]%;1.567;0.91;0.061;0.353;0.522;0.067
INTC [-0.50, 41.48]%, AMZN [-18.29, 40.17]%;IYR [-0.12, 4.58]%;1.156;0.615;0.362;0.201;0.468;0.588
INTC [-0.50, 41.48]%, AMZN [-18.29, 40.17]%;IYR [-0.12, 4.58]%;1.156;0.615;0.362;0.201;0.468;0.588
JPM [-1.75, 26.91]%, SAP [3.27, 8.63]%, GOOGL [0.95, 5.84]%;IYR [0.15, 11.58]%;1.594;0.849;0.062;0.341;0.81;0.073
CPB [-3.77, 20.14]%, INTC [-2.51, 24.90]%;IYR [0.16, 10.01]%;1.15;0.604;0.433;0.277;0.583;0.716
KO [3.77, 11.49]%, GOOGL [-5.63, 7.47]%, DIS [-18.44, 2.19]%;IYR [-0.17, 12.63]%;1.499;0.875;0.018;0.297;0.691;0.02
INTC [-29.00, 41.48]%, DIS [3.17, 9.95]%, AAPL [1.45, 4.02]%;IYR [-0.19, 5.90]%;1.394;0.795;0.03;0.233;0.67;0.038
AMZN [-22.23, 19.50]%, XLE [-21.23, 13.92]%, WMT [-0.26, 13.38]%, KO [0.49, 3.17]%;IYR [-0.21, 20.13]%;1.341;0.795;0.202;0.271;0.595;0.254
XLV [0.94, 6.94]%, week_number([552, 1103]), MU [-24.66, 41.42]%, CLX [0.70, 20.84]%, INTC [-27.80, 41.48]%;IYR [0.21, 8.35]%;1.56;0.804;0.067;0.315;0.474;0.083
INTC [-1.03, 5.37]%, CPB [2.46, 20.14]%, JPM [-8.69, 39.76]%;IYR [0.22, 5.14]%;1.387;0.683;0.072;0.213;0.67;0.105
SPY [3.69, 9.77]%, MU [-10.99, 41.42]%;IYR [-0.22, 7.57]%;1.265;0.738;0.026;0.16;0.703;0.036
AAPL [6.97, 17.96]%, WMT [3.08, 9.16]%;IYR [0.24, 15.16]%;1.676;0.867;0.011;0.354;0.778;0.013
EFX [-18.02, 10.87]%, DIS [-0.59, 9.25]%;IYR [-0.26, 3.86]%;1.171;0.623;0.369;0.223;0.718;0.591
EFX [-18.02, 10.87]%, DIS [-0.59, 9.25]%;IYR [-0.26, 3.86]%;1.171;0.623;0.369;0.223;0.718;0.591
AAPL [2.25, 7.88]%;IYR [-0.30, 15.65]%;1.174;0.714;0.201;0.147;0.81;0.281
AAPL [-10.04, 18.41]%, month([1, 9]), EFX [4.06, 14.65]%, SPY [-0.37, 17.92]%;IYR [0.30, 33.08]%;1.603;0.814;0.06;0.331;0.479;0.073
EFX [7.69, 19.88]%, JPM [-0.06, 32.52]%;IYR [-0.30, 7.32]%;1.381;0.826;0.016;0.233;0.743;0.02
SAP [-6.79, 5.03]%, XLE [1.00, 3.01]%, XLV [1.93, 4.31]%;IYR [-0.34, 16.64]%;1.212;0.75;0.02;0.135;0.844;0.027
EEM [3.03, 5.67]%, SPY [-3.50, 6.72]%;IYR [-0.36, 7.94]%;1.339;0.817;0.099;0.235;0.848;0.121
AMZN [-8.93, 3.32]%, IWM [1.34, 14.38]%;IYR [-0.37, 12.69]%;1.391;0.86;0.168;0.3;0.772;0.195
XLK [4.49, 5.32]%;IYR [0.37, 8.55]%;1.776;0.862;0.021;0.386;0.923;0.025
SPY [0.76, 4.44]%, INTC [-13.66, 41.48]%, XLV [2.12, 2.91]%, AAPL [-7.14, 2.42]%;IYR [-0.38, 12.66]%;1.417;0.879;0.025;0.266;0.732;0.028
EEM [-2.92, 11.73]%, GOOGL [-4.25, 29.40]%, DIS [-12.01, 8.54]%, MSFT [2.71, 14.35]%;IYR [-0.40, 8.40]%;1.254;0.777;0.137;0.191;0.604;0.176
XLV [3.43, 8.39]%, MU [-9.85, 41.42]%;IYR [0.44, 20.48]%;1.554;0.745;0.032;0.278;0.632;0.044
SAP [-9.67, 17.38]%, week_number([929, 1035]), SHY [0.08, 0.97]%, XLK [2.08, 15.47]%;IYR [-0.45, 5.99]%;1.297;0.8;0.01;0.185;0.696;0.013
GOOGL [4.29, 25.46]%, SPY [-5.37, 8.54]%, UUP [-0.46, 3.61]%, MU [2.25, 36.47]%, week_number([405, 1034]);IYR [-0.47, 13.89]%;1.357;0.87;0.017;0.233;0.606;0.02
IWM [-24.00, 11.72]%, INTC [-1.83, 41.48]%;IYR [0.49, 27.95]%;1.143;0.539;0.387;0.238;0.392;0.717
XLK [0.28, 12.68]%;IYR [-0.49, 8.35]%;1.243;0.791;0.424;0.334;0.74;0.536
KO [0.80, 11.49]%, SAP [-7.87, 22.44]%;IYR [-0.50, 2.46]%;1.128;0.547;0.204;0.099;0.672;0.373
KO [0.80, 11.49]%, SAP [-7.87, 22.44]%;IYR [-0.50, 2.46]%;1.128;0.547;0.204;0.099;0.672;0.373
SPY [0.97, 1.12]%;IYR [-0.50, 6.92]%;1.256;0.795;0.03;0.169;0.94;0.038
MU [13.87, 33.10]%, SPY [-4.33, 3.05]%;IYR [0.55, 8.00]%;1.278;0.577;0.013;0.128;0.821;0.022
SPY [0.51, 1.46]%;IYR [-0.56, 10.78]%;1.197;0.781;0.177;0.166;0.899;0.226
SPY [2.55, 4.78]%;IYR [-0.56, 8.85]%;1.411;0.918;0.076;0.291;0.896;0.083
KO [1.30, 3.28]%, XLK [-2.94, 4.68]%;IYR [-0.58, 21.52]%;1.289;0.85;0.16;0.234;0.786;0.188
SPY [-1.74, 3.72]%;IYR [-0.59, 11.25]%;1.112;0.732;0.602;0.415;0.834;0.823
JPM [-29.95, 27.57]%, SAP [-5.24, 12.56]%, EFX [-16.42, 20.81]%, GOOGL [1.14, 13.00]%;IYR [0.61, 10.54]%;1.32;0.595;0.23;0.235;0.558;0.387
INTC [2.94, 20.54]%;IYR [-0.63, 18.39]%;1.155;0.771;0.166;0.132;0.727;0.216
KO [-19.22, 7.99]%, INTC [2.51, 41.48]%;IYR [0.67, 10.27]%;1.45;0.637;0.16;0.264;0.471;0.252
MU [12.29, 35.95]%;IYR [0.68, 6.28]%;1.364;0.582;0.027;0.163;0.82;0.047
GOOGL [-16.83, 10.73]%, EFX [-10.54, 17.28]%, month([4, 7]), INTC [-0.49, 6.08]%;IYR [0.69, 20.96]%;1.122;0.495;0.082;0.064;0.64;0.166
NVDA [-19.50, 28.14]%, SAP [1.56, 8.56]%;IYR [-0.72, 8.03]%;1.205;0.816;0.26;0.204;0.685;0.319
SAP [5.63, 14.99]%, DIS [-17.27, 20.69]%;IYR [0.73, 14.20]%;1.604;0.692;0.038;0.276;0.562;0.055
XLF [-12.94, 24.07]%, SAP [-0.25, 7.69]%, NVDA [-24.07, 32.80]%;IYR [0.78, 16.40]%;1.274;0.54;0.292;0.253;0.55;0.54
SPY [1.07, 8.58]%, XLF [-4.68, 30.34]%;IYR [0.79, 8.16]%;1.691;0.698;0.231;0.427;0.705;0.331
JPM [-1.30, 9.98]%, DIA [-4.06, 15.11]%;IYR [0.80, 17.36]%;1.173;0.491;0.337;0.23;0.677;0.686
JPM [-11.85, 8.81]%, XLE [-5.98, 27.88]%, XLV [3.11, 8.39]%;IYR [-0.81, 13.12]%;1.325;0.926;0.043;0.238;0.689;0.046
EEM [-0.69, 3.67]%, SPY [-13.45, 6.35]%, XLK [-2.26, 6.74]%, MSFT [-0.29, 1.47]%;IYR [0.81, 3.73]%;1.3;0.451;0.079;0.126;0.801;0.176
EEM [-0.69, 3.67]%, SPY [-13.45, 6.35]%, XLK [-2.26, 6.74]%, MSFT [-0.29, 1.47]%;IYR [0.81, 3.73]%;1.3;0.451;0.079;0.126;0.801;0.176
SPY [0.05, 4.80]%, NVDA [0.66, 9.11]%;IYR [0.81, 9.76]%;1.409;0.584;0.192;0.253;0.871;0.328
CPB [-2.29, 17.86]%, INTC [-7.51, 30.63]%, SPY [-4.12, 7.86]%;IYR [0.82, 7.37]%;1.122;0.456;0.361;0.239;0.609;0.792
IWM [-0.43, 7.66]%, SAP [-16.33, 12.02]%, JPM [-25.34, 19.36]%, INTC [-0.97, 1.11]%;IYR [0.85, 33.08]%;1.285;0.532;0.086;0.141;0.631;0.162
JPM [-4.53, 6.15]%, MSFT [-16.93, 7.89]%;IYR [0.86, 2.05]%;1.125;0.228;0.199;0.196;0.703;0.87
JPM [-4.53, 6.15]%, MSFT [-16.93, 7.89]%;IYR [0.86, 2.05]%;1.125;0.228;0.199;0.196;0.703;0.87
XLF [-28.56, 11.01]%, DIS [-0.91, 7.83]%;IYR [0.86, 3.87]%;1.212;0.413;0.258;0.192;0.7;0.625
XLF [-28.56, 11.01]%, DIS [-0.91, 7.83]%;IYR [0.86, 3.87]%;1.212;0.413;0.258;0.192;0.7;0.625
GOOGL [-5.19, 12.34]%, EEM [-25.15, 10.99]%, SPY [3.78, 8.81]%;IYR [0.86, 33.08]%;1.939;0.794;0.023;0.396;0.578;0.029
XLK [2.67, 7.44]%;IYR [0.86, 9.79]%;1.828;0.739;0.104;0.39;0.857;0.141
DIS [-0.05, 11.43]%, JPM [5.02, 30.11]%;IYR [-0.87, 6.97]%;1.253;0.877;0.061;0.19;0.758;0.069
AAPL [-1.64, 3.13]%, TLT [-0.91, 6.22]%;IYR [-0.88, 15.64]%;1.136;0.811;0.275;0.147;0.748;0.339
SPY [-2.64, 6.95]%, AMZN [-0.88, 36.06]%;IYR [-0.88, 7.33]%;1.147;0.804;0.497;0.269;0.675;0.619
JPM [3.11, 16.17]%;IYR [-0.89, 6.20]%;1.11;0.777;0.134;0.093;0.86;0.172
NVDA [-5.41, 4.07]%, DIS [-0.35, 6.37]%;IYR [0.89, 8.65]%;1.208;0.476;0.161;0.124;0.861;0.339
GOOGL [-7.97, 17.03]%, SAP [0.53, 4.73]%, INTC [-17.16, 8.87]%, month([1, 10]);IYR [0.91, 2.76]%;1.312;0.349;0.099;0.116;0.632;0.283
GOOGL [-7.97, 17.03]%, SAP [0.53, 4.73]%, INTC [-17.16, 8.87]%, month([1, 10]);IYR [0.91, 2.76]%;1.312;0.349;0.099;0.116;0.632;0.283
MSFT [-3.41, 11.94]%, DIS [-1.50, 20.43]%;IYR [0.91, 3.78]%;1.221;0.398;0.27;0.223;0.657;0.677
MSFT [-3.41, 11.94]%, DIS [-1.50, 20.43]%;IYR [0.91, 3.78]%;1.221;0.398;0.27;0.223;0.657;0.677
INTC [-3.24, 4.83]%, IWM [2.13, 15.63]%;IYR [0.92, 8.20]%;1.777;0.687;0.107;0.356;0.825;0.155
XLF [5.70, 25.79]%, EWP [-6.16, 6.30]%;IYR [0.92, 9.06]%;1.71;0.667;0.014;0.283;0.76;0.02
SPY [4.82, 10.51]%;IYR [-0.93, 10.02]%;1.114;0.8;0.01;0.083;0.838;0.013
GOOGL [8.08, 13.90]%;IYR [-0.96, 8.32]%;1.103;0.794;0.023;0.076;0.865;0.029
EWP [1.53, 9.07]%, SHY [-0.56, 1.03]%, INTC [-6.77, 41.48]%, SAP [-6.86, 1.25]%;IYR [-0.96, 9.76]%;1.203;0.869;0.096;0.165;0.625;0.111
AMZN [-22.29, 9.33]%, MSFT [2.69, 13.37]%;IYR [-0.97, 8.64]%;1.162;0.838;0.15;0.143;0.678;0.179
SPY [1.22, 9.31]%;IYR [-0.98, 9.44]%;1.272;0.92;0.265;0.276;0.809;0.288
KO [-1.14, 11.49]%, SAP [-24.59, 22.44]%, AMZN [-16.67, 18.95]%, MSFT [0.29, 13.29]%;IYR [1.00, 16.51]%;1.384;0.513;0.224;0.253;0.496;0.438
GOOGL [6.87, 29.40]%, INTC [0.58, 33.09]%;IYR [1.02, 20.29]%;1.981;0.732;0.026;0.375;0.584;0.035
XOM [-19.19, 18.07]%, SPY [3.60, 4.21]%;IYR [-1.05, 6.72]%;1.179;0.857;0.015;0.133;0.671;0.018
EEM [2.39, 16.29]%;IYR [-1.08, 21.76]%;1.201;0.893;0.184;0.188;0.693;0.206
JPM [-0.34, 15.66]%;IYR [-1.09, 12.40]%;1.139;0.845;0.502;0.254;0.791;0.594
BA [-0.78, 59.46]%, XLK [-11.05, 4.79]%;IYR [-1.09, 12.91]%;1.101;0.816;0.493;0.189;0.605;0.604
XLE [3.73, 11.94]%;IYR [-1.09, 8.85]%;1.106;0.818;0.103;0.09;0.857;0.126
KO [-9.13, 9.46]%, CLX [4.26, 10.00]%;IYR [1.11, 15.63]%;1.531;0.537;0.025;0.195;0.669;0.046
SPY [2.44, 3.63]%, month([2, 5]), MU [-2.95, 41.42]%;IYR [-1.11, 18.29]%;1.342;1.0;0.024;0.261;0.721;0.024
XLK [3.00, 10.32]%;IYR [-1.13, 9.45]%;1.212;0.901;0.108;0.179;0.805;0.12
AMZN [-13.73, 23.50]%, SPY [-0.35, 1.14]%;IYR [-1.15, 10.55]%;1.134;0.85;0.3;0.155;0.729;0.353
GOOGL [-2.48, 11.87]%, SPY [-1.35, 2.68]%, month([6, 8]);IYR [-1.15, 9.47]%;1.186;0.888;0.136;0.164;0.808;0.153
CLX [3.03, 6.37]%;IYR [1.17, 20.51]%;1.612;0.547;0.044;0.226;0.802;0.081
JPM [-6.49, 12.73]%, SAP [1.83, 16.01]%, KO [-4.64, 9.98]%, EEM [2.44, 3.64]%;IYR [-1.23, 6.27]%;1.191;0.891;0.042;0.15;0.772;0.047
CLX [1.59, 2.19]%, TLT [-3.67, 8.32]%, JPM [-6.53, 34.68]%, EWP [2.28, 19.94]%;IYR [1.24, 28.45]%;1.761;0.577;0.013;0.255;0.598;0.022
CPB [-7.73, 20.02]%, month([1, 12]), AAPL [-8.66, 18.41]%, EFX [-3.06, 20.81]%, BA [-39.48, 57.45]%;IYR [1.24, 5.53]%;1.126;0.341;0.288;0.247;0.375;0.846
AMZN [-0.58, 16.42]%, CPB [-3.35, 16.97]%, EFX [-5.49, 20.81]%, SPY [1.36, 17.92]%;IYR [1.27, 10.01]%;2.113;0.671;0.144;0.45;0.609;0.215
KO [-6.92, 8.26]%, MSFT [-1.71, 16.89]%;IYR [1.27, 9.00]%;1.176;0.37;0.285;0.241;0.612;0.77
AMZN [-8.93, 39.68]%, SPY [-1.62, 4.29]%;IYR [-1.28, 10.52]%;1.113;0.848;0.695;0.475;0.628;0.819
CPB [-13.61, 17.89]%, GOOGL [-2.32, 8.54]%, AAPL [-4.35, 5.96]%, DIS [-0.39, 17.30]%;IYR [-1.28, 2.79]%;1.116;0.71;0.287;0.124;0.619;0.404
CPB [-13.61, 17.89]%, GOOGL [-2.32, 8.54]%, AAPL [-4.35, 5.96]%, DIS [-0.39, 17.30]%;IYR [-1.28, 2.79]%;1.116;0.71;0.287;0.124;0.619;0.404
EEM [2.43, 7.85]%, EWP [-19.11, 17.49]%, SPY [-3.42, 10.89]%;IYR [-1.33, 10.71]%;1.165;0.892;0.17;0.156;0.634;0.19
CLX [0.61, 13.45]%, MU [8.24, 41.42]%, BA [-32.25, 75.42]%;IYR [1.39, 10.32]%;2.098;0.618;0.036;0.343;0.564;0.058
AMZN [-22.29, 31.39]%, XLK [-7.78, 15.47]%, XLF [2.97, 31.52]%, XLE [-4.02, 27.88]%;IYR [1.42, 2.74]%;1.105;0.175;0.023;0.019;0.488;0.131
AMZN [-22.29, 31.39]%, XLK [-7.78, 15.47]%, XLF [2.97, 31.52]%, XLE [-4.02, 27.88]%;IYR [1.42, 2.74]%;1.105;0.175;0.023;0.019;0.488;0.131
week_number([736, 830]);IYR [-1.44, 7.35]%;1.128;0.863;0.07;0.106;0.891;0.081
MU [6.06, 18.70]%, SAP [-15.46, 3.08]%, JPM [-19.24, 28.59]%;IYR [-1.45, 19.31]%;1.122;0.871;0.098;0.107;0.637;0.113
SPY [1.44, 3.05]%;IYR [-1.45, 8.51]%;1.244;0.959;0.178;0.231;0.901;0.186
SPY [-0.59, 4.30]%;IYR [-1.46, 6.28]%;1.148;0.877;0.607;0.367;0.873;0.692
KO [-0.53, 7.19]%, SAP [-4.18, 7.00]%, GOOGL [8.53, 29.40]%;IYR [-1.49, 6.11]%;1.25;0.955;0.018;0.195;0.74;0.019
MU [5.64, 40.45]%, SPY [2.22, 4.56]%;IYR [-1.51, 8.18]%;1.271;0.982;0.046;0.22;0.795;0.047
INTC [6.91, 10.90]%;IYR [-1.54, 7.19]%;1.14;0.881;0.032;0.112;0.904;0.036
SPY [3.86, 14.88]%;IYR [-1.56, 10.07]%;1.146;0.897;0.03;0.118;0.76;0.033
NVDA [-23.73, 17.12]%, CLX [-1.18, 6.30]%;IYR [1.57, 17.53]%;1.17;0.313;0.224;0.16;0.654;0.716
SPY [-1.31, 9.98]%;IYR [1.57, 3.52]%;1.18;0.224;0.182;0.182;0.832;0.813
SPY [-1.31, 9.98]%;IYR [1.57, 3.52]%;1.18;0.224;0.182;0.182;0.832;0.813
NVDA [-23.95, 24.12]%, SPY [-1.58, 4.85]%;IYR [-1.58, 6.35]%;1.11;0.86;0.713;0.5;0.674;0.829
SPY [2.59, 15.02]%, month([6, 7]), AAPL [-3.51, 8.83]%;IYR [-1.58, 6.51]%;1.212;0.941;0.014;0.167;0.789;0.015
AMZN [-22.29, 19.50]%, KO [2.95, 6.41]%;IYR [-1.59, 33.08]%;1.152;0.913;0.072;0.131;0.561;0.078
JPM [-0.52, 11.44]%, AMZN [3.73, 6.36]%;IYR [-1.63, 8.34]%;1.191;0.937;0.076;0.163;0.882;0.081
SPY [1.61, 3.12]%, SAP [-11.23, 4.19]%;IYR [-1.68, 21.40]%;1.223;0.978;0.113;0.202;0.766;0.116
XLE [-0.38, 1.49]%;IYR [-1.70, 3.34]%;1.149;0.816;0.196;0.139;0.946;0.241
XLE [-0.38, 1.49]%;IYR [-1.70, 3.34]%;1.149;0.816;0.196;0.139;0.946;0.241
SPY [-0.49, 2.11]%, AMZN [4.43, 16.63]%;IYR [-1.73, 7.95]%;1.109;0.878;0.073;0.094;0.862;0.084
EFX [-12.95, 20.81]%, GOOGL [7.73, 9.64]%, TLT [-6.09, 9.20]%, JPM [-10.86, 8.67]%;IYR [-1.74, 28.64]%;1.162;0.933;0.012;0.132;0.553;0.013
XLV [2.30, 3.02]%, week_number([215, 847]);IYR [1.76, 31.95]%;1.438;0.357;0.013;0.113;0.653;0.036
XLE [0.12, 2.88]%;IYR [-1.76, 4.13]%;1.1;0.818;0.283;0.114;0.932;0.346
XLE [0.12, 2.88]%;IYR [-1.76, 4.13]%;1.1;0.818;0.283;0.114;0.932;0.346
GOOGL [-8.12, 10.55]%, EFX [5.59, 14.64]%, NVDA [-24.41, 29.68]%;IYR [1.79, 27.23]%;2.59;0.636;0.03;0.41;0.566;0.047
AMZN [-13.75, 20.30]%, DIS [2.46, 8.50]%, JPM [-32.47, 3.11]%;IYR [-1.85, 5.37]%;1.14;0.897;0.111;0.125;0.684;0.124
SAP [3.24, 21.19]%;IYR [-1.87, 8.68]%;1.121;0.905;0.154;0.118;0.743;0.171
SPY [3.82, 9.35]%, JPM [-14.24, 20.68]%;IYR [-1.89, 10.55]%;1.165;0.947;0.031;0.139;0.734;0.032
JPM [4.84, 17.98]%, UUP [0.77, 6.24]%, GOOGL [-10.94, 4.58]%;IYR [-1.90, 13.98]%;1.223;1.0;0.012;0.185;0.687;0.012
XLK [0.44, 3.65]%, MU [-21.56, 9.61]%;IYR [-1.91, 17.90]%;1.109;0.908;0.354;0.146;0.745;0.39
GOOGL [-14.06, 16.03]%, SAP [6.14, 13.17]%, XLF [-16.08, 25.00]%, month([2, 11]), DIS [-5.35, 3.22]%;IYR [-1.94, 12.43]%;1.119;0.92;0.02;0.1;0.549;0.021
KO [-16.88, 2.39]%, MSFT [1.45, 15.66]%;IYR [1.95, 8.27]%;1.344;0.284;0.079;0.101;0.618;0.279
WMT [1.53, 8.21]%, GOOGL [-2.62, 1.75]%;IYR [1.96, 23.29]%;1.44;0.316;0.036;0.109;0.793;0.113
BA [-13.13, 36.96]%, XLK [-2.34, 15.47]%, XLF [-18.77, 31.52]%;IYR [1.99, 10.58]%;1.145;0.24;0.208;0.228;0.526;0.866
EEM [-7.68, 23.41]%, UUP [-3.02, 6.10]%, SPY [-0.36, 10.16]%, EWP [-6.40, 19.94]%;IYR [-1.99, 12.14]%;1.129;0.935;0.528;0.245;0.504;0.565
BA [-5.72, 23.73]%, INTC [-7.86, 0.32]%;IYR [-10.07, 1.16]%;1.144;0.743;0.311;0.161;0.825;0.418
AMZN [-9.85, 1.21]%, JPM [-2.60, 21.47]%, NVDA [-34.50, -10.45]%;IYR [-10.13, 0.97]%;1.425;0.867;0.011;0.262;0.75;0.013
SAP [-3.76, 1.14]%, NVDA [-5.88, 6.89]%;IYR [-10.38, 1.18]%;1.165;0.76;0.302;0.179;0.848;0.398
UUP [-1.10, 4.50]%, AMZN [-5.65, -0.28]%;IYR [-10.56, 1.48]%;1.15;0.809;0.206;0.142;0.739;0.255
JPM [-13.31, -5.23]%;IYR [-10.69, -1.84]%;3.842;0.685;0.032;0.531;0.879;0.046
DIS [-20.56, -3.58]%;IYR [-10.86, -4.32]%;4.519;0.231;0.026;0.203;0.743;0.114
JPM [-19.45, 2.01]%;IYR [-11.33, 0.98]%;1.124;0.688;0.492;0.267;0.765;0.716
JPM [-25.23, -3.04]%, SPY [-12.49, 3.49]%;IYR [-11.80, 0.51]%;1.474;0.774;0.105;0.288;0.695;0.136
SPY [-8.09, 17.92]%, UUP [-4.08, 6.09]%, INTC [-7.13, -0.55]%;IYR [-11.83, -1.74]%;1.508;0.287;0.083;0.136;0.528;0.288
SAP [-11.01, -2.94]%, BA [-7.90, 67.45]%;IYR [-11.94, -1.11]%;1.679;0.414;0.055;0.193;0.691;0.134
JPM [-4.04, 12.61]%, AMZN [-16.66, -3.50]%;IYR [-12.85, -1.87]%;1.426;0.255;0.03;0.086;0.801;0.117
BA [-27.97, 40.56]%, SAP [-3.59, -0.33]%, JPM [-10.54, 0.87]%;IYR [-13.18, 0.17]%;1.403;0.65;0.135;0.236;0.758;0.207
SAP [-12.03, -3.53]%, AMZN [-22.29, 12.35]%, AAPL [-0.05, 14.61]%;IYR [-13.18, -1.66]%;1.166;0.231;0.01;0.034;0.69;0.044
SPY [-12.43, 1.66]%;IYR [-13.40, -4.86]%;1.271;0.056;0.044;0.056;0.742;0.787
SAP [-27.14, -2.93]%, XLE [-9.33, 23.59]%, SPY [-16.14, 9.43]%;IYR [-14.25, -1.84]%;1.903;0.349;0.05;0.194;0.528;0.144
month([2, 5]), GOOGL [-6.14, -2.30]%;IYR [-14.26, -1.47]%;1.528;0.327;0.015;0.119;0.815;0.047
CLX [-5.20, -1.06]%, WMT [-11.38, 15.32]%;IYR [-14.27, -2.24]%;1.811;0.26;0.063;0.154;0.641;0.243
SAP [-12.67, -0.19]%, JPM [-6.16, 20.55]%;IYR [-14.59, 0.10]%;1.293;0.585;0.241;0.226;0.727;0.413
IWM [-13.17, 0.48]%, NVDA [-13.35, -6.23]%;IYR [-14.87, -2.88]%;3.173;0.341;0.025;0.252;0.805;0.073
NVDA [-12.92, 14.72]%, SPY [-9.61, -0.73]%;IYR [-15.20, 1.95]%;1.254;0.973;0.241;0.262;0.7;0.248
INTC [-29.00, -1.23]%;IYR [-15.45, 1.15]%;1.241;0.806;0.27;0.236;0.674;0.334
SAP [-8.29, 21.60]%, XLK [-10.52, -6.17]%;IYR [-15.68, 0.97]%;1.632;1.0;0.012;0.392;0.675;0.012
BA [-38.56, 36.42]%, EEM [-25.71, -2.32]%;IYR [-15.72, 1.07]%;1.34;0.849;0.144;0.259;0.569;0.17
SAP [-21.68, -2.79]%, AAPL [-7.42, 8.39]%, BA [-6.96, 53.47]%;IYR [-15.92, -1.05]%;1.584;0.403;0.051;0.17;0.637;0.127
CLX [-5.05, 0.01]%, XLF [-3.68, 29.80]%;IYR [-17.00, -1.12]%;1.221;0.302;0.124;0.093;0.689;0.41
JPM [-29.10, 17.56]%, SAP [-6.54, -1.68]%;IYR [-17.33, 1.70]%;1.133;0.839;0.196;0.129;0.667;0.234
EEM [-6.93, 1.96]%, JPM [-9.47, 4.39]%;IYR [-17.75, 1.99]%;1.101;0.861;0.57;0.235;0.782;0.662
SPY [-8.50, 6.78]%, CPB [-5.89, 18.24]%, EFX [-32.27, -2.76]%;IYR [-17.76, -1.10]%;2.4;0.6;0.084;0.407;0.514;0.141
EEM [-25.06, -3.74]%, XLK [-5.17, 1.13]%;IYR [-17.78, 1.95]%;1.254;0.972;0.06;0.209;0.701;0.061
SAP [-21.39, -2.50]%, NVDA [-15.04, 20.43]%, MU [-7.92, 23.79]%;IYR [-19.01, 0.88]%;1.237;0.731;0.104;0.163;0.614;0.142
BA [-16.49, 84.78]%, EFX [-10.94, -0.64]%, AAPL [-13.28, 17.72]%, month([1, 5]);IYR [-19.65, 1.42]%;1.299;0.912;0.115;0.24;0.515;0.126
SAP [-8.64, 0.72]%, JPM [-13.99, 2.75]%;IYR [-19.76, 0.38]%;1.246;0.631;0.291;0.231;0.762;0.461
BA [2.20, 46.71]%;IYR [-2.00, 10.72]%;1.1;0.913;0.267;0.118;0.723;0.293
SPY [-0.54, 1.02]%;IYR [-2.00, 12.32]%;1.101;0.913;0.331;0.131;0.867;0.363
MU [-22.20, 9.73]%, EEM [2.21, 20.30]%, XLE [-9.43, 13.18]%, INTC [5.62, 41.48]%;IYR [-2.00, 23.49]%;1.2;1.0;0.028;0.171;0.606;0.028
SPY [-1.45, 4.41]%, EEM [1.54, 9.49]%;IYR [2.01, 9.53]%;1.751;0.355;0.105;0.216;0.859;0.295
NVDA [-21.72, 18.90]%, month([5, 7]), SHY [0.07, 1.35]%;IYR [2.13, 33.08]%;1.274;0.25;0.023;0.059;0.549;0.092
TLT [-1.77, 4.66]%, CPB [-13.61, 17.62]%, NVDA [-0.33, 36.33]%;IYR [2.17, 30.68]%;1.319;0.254;0.125;0.121;0.441;0.49
AMZN [-16.28, 15.65]%, EEM [-4.04, 16.95]%, SPY [0.58, 3.89]%;IYR [2.18, 10.77]%;1.673;0.315;0.131;0.216;0.72;0.414
GOOGL [-10.39, 9.75]%, JPM [-14.53, 25.53]%, SPY [1.12, 13.59]%;IYR [2.18, 6.40]%;2.147;0.381;0.113;0.29;0.66;0.298
SAP [-19.45, 17.76]%, CPB [-9.06, 19.32]%, XLE [-28.21, 27.88]%, JPM [1.99, 19.55]%;IYR [2.25, 27.47]%;1.783;0.327;0.09;0.199;0.383;0.276
CPB [2.61, 20.14]%, KO [-19.22, 11.08]%, JPM [-11.09, 23.78]%, INTC [3.88, 19.84]%;IYR [2.27, 10.31]%;3.612;0.641;0.021;0.48;0.538;0.033
XLF [-25.83, 29.80]%, BA [-30.04, 32.58]%, SAP [-5.80, -0.68]%, month([5, 12]);IYR [-2.28, -1.78]%;1.11;0.05;0.011;0.006;0.571;0.221
XLF [-25.83, 29.80]%, BA [-30.04, 32.58]%, SAP [-5.80, -0.68]%, month([5, 12]);IYR [-2.28, -1.78]%;1.11;0.05;0.011;0.006;0.571;0.221
KO [-0.67, 11.49]%, INTC [-11.03, 24.99]%;IYR [2.28, 5.67]%;1.286;0.205;0.141;0.145;0.68;0.686
EFX [0.79, 20.81]%, HYG [-3.86, 6.21]%, MU [8.42, 41.42]%, XLK [0.73, 4.57]%, UUP [-3.72, 4.21]%;IYR [2.29, 7.10]%;2.126;0.356;0.014;0.196;0.648;0.038
CLX [-9.67, 20.84]%, week_number([477, 859]), XLV [-5.50, 6.78]%;IYR [-2.33, -0.84]%;1.108;0.163;0.052;0.023;0.571;0.32
CLX [-9.67, 20.84]%, week_number([477, 859]), XLV [-5.50, 6.78]%;IYR [-2.33, -0.84]%;1.108;0.163;0.052;0.023;0.571;0.32
AMZN [-10.28, -4.55]%, SAP [-17.08, 11.05]%;IYR [-2.33, -1.25]%;1.734;0.158;0.016;0.075;0.781;0.102
AMZN [-10.28, -4.55]%, SAP [-17.08, 11.05]%;IYR [-2.33, -1.25]%;1.734;0.158;0.016;0.075;0.781;0.102
INTC [-0.00, 26.51]%;IYR [2.33, 18.24]%;1.416;0.248;0.132;0.156;0.688;0.534
SHY [0.17, 1.26]%, BA [-16.55, 84.78]%, AAPL [-14.04, 18.41]%, EFX [4.36, 17.30]%;IYR [2.46, 18.90]%;5.15;0.826;0.016;0.679;0.49;0.02
CLX [-4.33, 5.86]%, SAP [-26.67, 20.35]%, SPY [-17.80, 0.77]%;IYR [-2.48, -0.37]%;1.393;0.342;0.187;0.212;0.564;0.546
CLX [-4.33, 5.86]%, SAP [-26.67, 20.35]%, SPY [-17.80, 0.77]%;IYR [-2.48, -0.37]%;1.393;0.342;0.187;0.212;0.564;0.546
XLE [-18.57, 27.88]%, SAP [-2.17, 22.44]%;IYR [2.50, 11.33]%;1.149;0.177;0.138;0.104;0.546;0.779
AMZN [1.53, 23.36]%, CPB [-13.61, 17.96]%, JPM [-5.69, 16.26]%;IYR [2.50, 7.74]%;1.584;0.231;0.084;0.134;0.588;0.362
SPY [-2.85, 4.88]%, XLE [-29.56, -0.20]%;IYR [-2.62, 2.16]%;1.126;0.766;0.28;0.135;0.748;0.365
DIS [-1.03, -0.20]%, XOM [-14.87, 8.75]%;IYR [-2.70, 3.06]%;1.157;0.882;0.096;0.135;0.784;0.108
XLV [1.93, 5.65]%;IYR [2.71, 12.65]%;2.139;0.287;0.044;0.18;0.847;0.152
week_number([572, 678]), INTC [-21.85, 5.88]%;IYR [-2.85, 0.93]%;1.164;0.577;0.051;0.089;0.819;0.089
week_number([572, 678]), INTC [-21.85, 5.88]%;IYR [-2.85, 0.93]%;1.164;0.577;0.051;0.089;0.819;0.089
DIS [-20.56, 16.59]%, AAPL [1.07, 14.49]%;IYR [2.87, 8.65]%;1.662;0.19;0.088;0.141;0.565;0.462
BA [-3.31, 50.53]%, AMZN [-20.31, 40.68]%, UUP [-3.54, 6.24]%, XLE [-24.39, -0.93]%;IYR [-2.96, -1.13]%;1.374;0.196;0.039;0.067;0.461;0.201
BA [-3.31, 50.53]%, AMZN [-20.31, 40.68]%, UUP [-3.54, 6.24]%, XLE [-24.39, -0.93]%;IYR [-2.96, -1.13]%;1.374;0.196;0.039;0.067;0.461;0.201
INTC [2.07, 26.38]%, month([7, 12]), MSFT [-9.51, 6.89]%, EFX [-0.19, 3.70]%;IYR [2.97, 33.08]%;1.629;0.193;0.015;0.081;0.635;0.075
XLF [-8.00, 31.52]%, EEM [-18.41, -5.29]%, INTC [-11.44, 23.60]%;IYR [-21.26, -4.34]%;8.143;0.452;0.012;0.407;0.589;0.026
week_number([452, 1037]), HYG [-7.35, 11.47]%, AAPL [-3.97, 18.41]%, EFX [-26.78, 10.79]%, SPY [-6.78, 4.08]%, SAP [-23.11, 0.17]%;IYR [-22.19, -1.57]%;1.23;0.255;0.055;0.061;0.483;0.214
EEM [-21.28, -0.15]%, XLK [-7.68, -0.46]%, CLX [-11.30, 0.17]%, SPY [-18.91, 5.47]%;IYR [-22.75, 0.22]%;1.761;0.837;0.127;0.427;0.608;0.152
SPY [-18.91, -1.17]%, UUP [-2.72, 6.24]%, EEM [-22.27, 1.34]%;IYR [-24.24, -5.18]%;4.377;0.179;0.032;0.169;0.491;0.181
SPY [-11.81, 4.29]%, XLE [-8.35, -1.59]%;IYR [-27.15, -3.03]%;1.552;0.16;0.039;0.076;0.693;0.245
XLK [-8.40, -1.49]%, XLF [-30.17, 31.52]%, DIS [-7.77, 18.91]%;IYR [-27.16, -1.17]%;2.193;0.524;0.094;0.347;0.434;0.179
NVDA [-2.42, 1.34]%, XLE [-10.35, 4.88]%;IYR [-27.42, 0.63]%;1.112;0.604;0.147;0.08;0.755;0.243
XLE [-15.03, -0.74]%, JPM [-4.60, 39.76]%, SPY [-15.84, 2.19]%;IYR [-29.02, -0.53]%;1.271;0.441;0.131;0.134;0.565;0.298
INTC [-4.06, -1.27]%, IWM [-0.29, 6.87]%, EFX [-2.02, 12.08]%;IYR [-3.02, 4.39]%;1.132;0.954;0.071;0.12;0.856;0.074
XLK [-7.15, 6.41]%, NVDA [-18.41, 24.20]%, KO [1.32, 11.49]%, SAP [-8.93, 12.98]%, XLE [-27.62, 27.88]%;IYR [3.12, 4.98]%;1.701;0.126;0.032;0.07;0.551;0.257
XLK [-7.15, 6.41]%, NVDA [-18.41, 24.20]%, KO [1.32, 11.49]%, SAP [-8.93, 12.98]%, XLE [-27.62, 27.88]%;IYR [3.12, 4.98]%;1.701;0.126;0.032;0.07;0.551;0.257
AMZN [-19.03, 23.19]%, EFX [-6.11, 20.81]%, EWP [-6.37, 19.94]%, AAPL [-15.47, 18.41]%, CLX [-11.22, 2.77]%, JPM [-1.23, 39.76]%;IYR [3.19, 20.12]%;1.204;0.121;0.072;0.05;0.467;0.591
AMZN [-22.29, 23.98]%, KO [-11.78, 1.62]%, XLE [2.61, 27.88]%;IYR [3.20, 23.74]%;1.524;0.156;0.023;0.063;0.526;0.148
KO [-19.22, 5.61]%, AAPL [1.75, 3.31]%;IYR [3.43, 24.61]%;1.113;0.095;0.015;0.011;0.608;0.153
month([3, 5]), KO [-19.22, 8.25]%, GOOGL [-16.83, 6.41]%;IYR [3.53, 10.33]%;1.134;0.086;0.02;0.013;0.579;0.228
XOM [-5.84, 18.07]%, XLF [5.05, 11.89]%, BA [-29.18, 37.49]%;IYR [3.53, 24.09]%;8.346;0.676;0.02;0.613;0.623;0.029
GOOGL [-4.00, 12.83]%, SPY [-0.17, 12.32]%;IYR [3.57, 33.08]%;1.526;0.124;0.073;0.103;0.612;0.586
AMZN [-13.73, 8.16]%, SPY [-6.46, 0.12]%, DIS [0.73, 10.78]%;IYR [-3.65, 2.63]%;1.171;0.908;0.067;0.143;0.783;0.074
SPY [-18.91, 8.84]%, CLX [-0.85, 3.02]%, INTC [-29.00, 0.20]%, XLK [-1.52, 2.52]%;IYR [-3.78, 1.52]%;1.109;0.719;0.136;0.087;0.703;0.189
SPY [-18.91, 8.84]%, CLX [-0.85, 3.02]%, INTC [-29.00, 0.20]%, XLK [-1.52, 2.52]%;IYR [-3.78, 1.52]%;1.109;0.719;0.136;0.087;0.703;0.189
DIS [-12.11, 20.69]%, GLD [-8.02, -0.15]%;IYR [-3.81, -1.47]%;1.281;0.189;0.074;0.068;0.618;0.392
DIS [-12.11, 20.69]%, GLD [-8.02, -0.15]%;IYR [-3.81, -1.47]%;1.281;0.189;0.074;0.068;0.618;0.392
INTC [2.10, 24.61]%;IYR [3.82, 7.51]%;2.167;0.126;0.037;0.096;0.811;0.292
AMZN [2.87, 17.36]%, JPM [-4.09, 3.52]%;IYR [3.85, 6.50]%;1.608;0.089;0.016;0.041;0.877;0.182
AMZN [3.06, 12.53]%;IYR [4.01, 11.01]%;2.035;0.118;0.027;0.078;0.87;0.231
XLF [-1.49, 17.62]%, SAP [1.89, 17.41]%, MU [-32.38, 25.61]%, TLT [-5.14, 9.62]%;IYR [4.18, 32.78]%;2.172;0.132;0.034;0.096;0.495;0.259
INTC [5.76, 41.48]%;IYR [4.23, 6.73]%;2.677;0.117;0.01;0.08;0.727;0.088
JPM [5.37, 7.73]%;IYR [4.30, 19.50]%;4.262;0.218;0.01;0.175;0.866;0.047
JPM [-2.44, 11.33]%, SPY [-5.87, 6.13]%, NVDA [-5.57, -4.10]%;IYR [-4.54, 4.01]%;1.115;0.984;0.053;0.108;0.835;0.054
NVDA [-10.58, -4.88]%, DIS [-19.02, 14.77]%;IYR [-4.63, 0.01]%;1.247;0.485;0.056;0.109;0.676;0.116
NVDA [-10.58, -4.88]%, DIS [-19.02, 14.77]%;IYR [-4.63, 0.01]%;1.247;0.485;0.056;0.109;0.676;0.116
MSFT [3.02, 16.89]%, INTC [-23.22, -2.52]%, SAP [-23.53, 15.28]%;IYR [-4.90, 4.08]%;1.125;1.0;0.013;0.112;0.6;0.013
MU [-1.57, 13.29]%, AMZN [-9.62, -4.21]%;IYR [-5.11, -0.94]%;1.278;0.295;0.011;0.067;0.893;0.038
month([1, 6]);IYR [5.14, 27.54]%;1.186;0.035;0.018;0.011;0.598;0.506
SAP [-4.03, -0.07]%, AAPL [2.09, 12.80]%;IYR [-5.35, -0.23]%;1.177;0.43;0.037;0.071;0.864;0.085
AMZN [-9.29, 6.36]%, AAPL [-23.89, 5.61]%;IYR [-5.40, -3.83]%;1.104;0.039;0.031;0.018;0.678;0.795
GOOGL [-16.83, -0.84]%, NVDA [-32.67, 13.49]%, XLF [-23.34, 16.81]%;IYR [-5.50, -0.59]%;1.381;0.416;0.129;0.166;0.569;0.31
NVDA [-7.48, 27.57]%, KO [-19.22, 10.05]%, EEM [-12.88, -0.60]%;IYR [-5.58, -2.66]%;1.841;0.163;0.049;0.106;0.57;0.298
XLK [-8.42, -1.10]%, CLX [-7.96, 8.24]%;IYR [-5.72, 0.31]%;1.499;0.693;0.162;0.301;0.741;0.234
KO [-19.22, 4.68]%, SAP [-3.74, -1.15]%, NVDA [-1.78, 21.05]%, GOOGL [-6.24, 15.10]%;IYR [-5.85, -2.03]%;1.673;0.221;0.023;0.099;0.666;0.104
AMZN [-6.15, 2.60]%;IYR [-6.04, -2.51]%;1.214;0.121;0.078;0.061;0.903;0.648
SPY [-4.98, -2.15]%, MU [-37.95, 41.42]%;IYR [-6.08, 0.03]%;1.712;0.712;0.063;0.325;0.638;0.089
JPM [-37.13, -3.29]%, SAP [-17.24, 9.01]%;IYR [-6.39, -2.56]%;2.816;0.291;0.035;0.213;0.663;0.12
JPM [-4.37, -0.63]%;IYR [-6.56, -0.97]%;1.357;0.332;0.096;0.123;0.932;0.29
JPM [-6.45, 16.79]%, SAP [-1.63, 22.44]%, WMT [-5.65, -0.85]%, DIS [-11.48, 20.69]%;IYR [-6.59, 0.71]%;1.193;0.64;0.111;0.125;0.639;0.173
SPY [-18.01, 9.21]%, UUP [-1.50, 0.76]%, INTC [-26.81, 0.43]%, JPM [-8.20, 11.72]%;IYR [-6.74, -0.02]%;1.202;0.502;0.141;0.117;0.661;0.281
XLE [-28.31, 9.02]%, CLX [-5.78, -4.25]%;IYR [-6.77, 1.71]%;1.202;0.871;0.023;0.151;0.742;0.026
XLV [-7.47, -1.53]%;IYR [-6.84, 0.64]%;1.463;0.771;0.124;0.291;0.82;0.16
XLK [-4.52, -3.54]%, XLF [-14.60, 21.78]%, AMZN [-15.85, 13.21]%;IYR [-7.00, 0.48]%;1.691;0.857;0.026;0.361;0.701;0.03
IWM [-24.00, 17.12]%, INTC [-7.51, -6.67]%;IYR [-7.10, 1.26]%;1.181;0.778;0.012;0.121;0.652;0.015
XLK [-10.58, -2.17]%;IYR [-7.14, 1.86]%;1.201;0.897;0.126;0.175;0.8;0.141
BA [-21.70, 8.19]%, SPY [-14.67, -2.08]%;IYR [-7.17, 1.86]%;1.156;0.864;0.092;0.13;0.76;0.107
XLE [-10.19, 19.55]%, JPM [-28.91, -1.15]%, KO [-3.12, 1.57]%;IYR [-7.43, 1.94]%;1.189;0.903;0.206;0.186;0.716;0.229
DIS [-0.88, 0.86]%, AMZN [-8.14, 1.47]%, JPM [-17.37, 8.46]%;IYR [-7.56, 1.95]%;1.144;0.874;0.13;0.129;0.83;0.148
INTC [-29.00, -0.67]%, SAP [-3.17, 22.44]%, DIS [-14.26, 18.30]%;IYR [-7.59, 1.91]%;1.142;0.866;0.259;0.154;0.54;0.299
UUP [-0.79, 2.11]%, SAP [-12.86, -5.92]%, AAPL [-16.69, 18.41]%;IYR [-7.76, 1.61]%;1.156;0.833;0.017;0.115;0.657;0.02
AMZN [-1.55, -0.04]%;IYR [-7.82, 0.41]%;1.184;0.59;0.09;0.108;0.924;0.152
AMZN [-13.74, 4.59]%, SAP [-25.63, 3.59]%;IYR [-7.88, -3.94]%;1.217;0.065;0.049;0.046;0.693;0.743
JPM [-22.27, 13.60]%, SPY [-5.95, -2.15]%;IYR [-7.89, 1.34]%;1.383;0.936;0.087;0.286;0.762;0.093
AMZN [-21.77, 12.27]%, JPM [-12.48, 2.15]%;IYR [-8.19, 0.54]%;1.123;0.588;0.418;0.222;0.711;0.711
XLF [-2.87, 25.32]%, XLE [-15.52, -5.40]%;IYR [-8.40, 0.66]%;1.185;0.64;0.014;0.102;0.747;0.021
EFX [-6.33, 1.33]%, INTC [-28.82, 40.54]%;IYR [-8.40, -2.97]%;1.301;0.123;0.073;0.07;0.596;0.596
EEM [-2.67, -0.51]%, DIS [-17.26, 15.65]%, EWP [-14.41, 15.74]%;IYR [-8.61, -1.67]%;1.351;0.256;0.055;0.085;0.601;0.217
JPM [-3.80, 16.76]%, INTC [-9.24, 4.87]%, WMT [-19.26, 15.32]%, CLX [-1.36, 0.55]%;IYR [-8.75, 0.82]%;1.131;0.645;0.177;0.103;0.666;0.274
EEM [-25.71, 10.46]%, UUP [0.86, 6.24]%, SAP [-22.29, 6.34]%;IYR [-8.87, -0.45]%;1.482;0.521;0.085;0.202;0.537;0.164
SPY [-7.08, 0.73]%;IYR [-9.29, -0.16]%;1.426;0.573;0.328;0.4;0.823;0.572
SAP [-16.20, 15.46]%, AMZN [-22.29, 1.10]%;IYR [-9.47, 1.96]%;1.109;0.854;0.488;0.196;0.611;0.572
EWP [-6.24, -2.66]%, XLK [-5.81, 5.53]%, CLX [-13.53, 6.43]%, SAP [-2.09, 11.44]%;IYR [-9.72, 1.54]%;1.217;0.871;0.046;0.164;0.714;0.053
BA [-31.28, 42.28]%, SAP [-4.02, -1.59]%, month([6, 10]), EEM [-25.71, 18.90]%;IYR [-9.92, -2.79]%;1.513;0.17;0.013;0.063;0.613;0.075
EEM [-6.34, -0.42]%, XLE [-7.63, 11.38]%, XLK [-4.68, 4.18]%;IYR [-9.98, -0.08]%;1.404;0.592;0.193;0.252;0.79;0.326
SAP [-6.25, 11.61]%, NVDA [-2.88, 8.09]%, IYR [-0.02, 16.51]%;JPM [1.95, 5.64]%;1.259;0.29;0.108;0.095;0.798;0.374
CLX [2.11, 17.11]%, month([3, 5]), IYR [-20.17, 13.01]%;JPM [-10.92, -2.73]%;1.64;0.245;0.01;0.1;0.693;0.042
INTC [-16.50, -4.27]%, IYR [-12.48, 8.46]%;JPM [-19.20, -7.15]%;4.997;0.115;0.014;0.104;0.781;0.119
SPY [-1.50, 8.88]%, NVDA [8.64, 23.33]%, DIS [1.65, 20.69]%, UUP [-1.51, 2.34]%, IYR [-7.80, 10.21]%;JPM [2.47, 8.98]%;2.948;0.636;0.018;0.433;0.722;0.028
IYR [-7.95, 9.19]%, SPY [-8.58, -3.08]%;JPM [-9.39, 1.89]%;1.247;0.863;0.038;0.179;0.812;0.044
AMZN [3.27, 40.57]%, EEM [-6.03, 26.35]%, BA [-16.82, 58.79]%;KO [-0.81, 11.49]%;1.101;0.799;0.186;0.096;0.451;0.233
JPM [-5.64, 36.80]%, SPY [-0.93, 14.68]%, AMZN [-14.47, 24.76]%, XLE [-13.97, 21.29]%;KO [1.00, 5.93]%;1.159;0.367;0.273;0.197;0.535;0.744
SPY [1.13, 12.16]%, IYR [-31.10, 30.82]%, EFX [-7.14, 20.81]%, XLE [-3.81, 24.13]%;KO [1.09, 5.88]%;1.532;0.456;0.138;0.227;0.521;0.303
month([3, 8]), XOM [-16.47, 14.82]%, EEM [-2.75, 22.13]%, XLV [-14.28, 8.39]%, IWM [0.49, 7.51]%, SPY [-18.91, 5.89]%, XLE [-14.27, 5.14]%;KO [-1.14, 5.88]%;1.143;0.884;0.188;0.14;0.51;0.212
SPY [-17.22, 10.44]%, UUP [-0.53, 5.74]%, XOM [-9.62, -2.57]%, EWP [-5.43, 19.94]%, IYR [-11.24, 21.34]%, DIS [-8.44, 3.41]%;KO [-6.43, -1.07]%;1.694;0.366;0.029;0.163;0.572;0.079
WMT [-16.92, 14.28]%, SPY [-5.59, 10.79]%, XLE [5.57, 21.79]%;MSFT [0.02, 10.31]%;1.165;0.65;0.033;0.097;0.522;0.051
JPM [8.79, 20.42]%, DIS [0.08, 20.69]%, SAP [-16.25, 22.44]%;MSFT [-0.04, 13.33]%;1.54;0.875;0.012;0.311;0.55;0.014
XLE [-11.13, 9.57]%, SPY [-6.53, 17.92]%, DIS [-13.91, 20.69]%, BA [-33.45, 61.09]%, IYR [-21.83, 12.48]%, AAPL [2.30, 18.41]%;MSFT [-0.04, 16.89]%;1.307;0.746;0.233;0.255;0.428;0.312
CLX [2.49, 4.84]%, IYR [-11.99, 8.88]%;MSFT [0.49, 16.89]%;1.192;0.582;0.061;0.105;0.708;0.104
DIS [-11.37, 1.72]%, AAPL [6.47, 18.41]%, IYR [-21.52, 3.24]%;MSFT [1.93, 12.42]%;1.346;0.372;0.014;0.099;0.677;0.037
DIS [-0.37, 3.80]%, XLF [-10.72, 11.60]%, GLD [-6.09, 12.05]%, INTC [0.89, 4.87]%, SAP [-12.82, 10.61]%;MSFT [1.93, 12.69]%;1.621;0.448;0.07;0.203;0.664;0.156
IWM [3.62, 8.57]%, DIS [-12.81, 20.69]%;MSFT [3.71, 5.28]%;2.579;0.178;0.015;0.119;0.678;0.086
month([1, 10]), JPM [-0.26, 8.83]%, IYR [-10.39, 5.02]%, XLE [-13.69, 4.76]%;MSFT [3.75, 9.43]%;1.193;0.133;0.055;0.037;0.672;0.41
GOOGL [-10.50, 22.01]%, XLE [-2.30, 16.59]%, TLT [-5.34, 11.50]%, IYR [1.52, 11.73]%;MSFT [4.03, 15.68]%;1.93;0.199;0.046;0.125;0.515;0.231
month([6, 7]), XLE [-10.31, 25.17]%, EWP [-21.58, 12.19]%;MSFT [4.47, 13.84]%;1.44;0.12;0.02;0.044;0.584;0.163
SPY [-1.07, 10.74]%, UUP [-4.52, 5.37]%, IYR [-3.10, 6.93]%;MSFT [5.02, 14.38]%;1.213;0.068;0.043;0.032;0.586;0.625
KO [-15.29, 10.69]%, EEM [-7.78, -2.20]%, INTC [-20.02, 33.30]%, DIS [-13.59, -2.48]%, AAPL [-1.24, 15.26]%;SAP [-16.18, -2.52]%;2.98;0.552;0.014;0.376;0.562;0.025
NVDA [1.52, 36.33]%, DIA [1.36, 15.11]%, IYR [-27.04, 20.82]%;SAP [2.24, 9.12]%;2.155;0.517;0.092;0.337;0.556;0.178
XLF [2.39, 31.52]%, IYR [-27.44, 12.50]%, HYG [-10.70, 11.47]%;SAP [2.47, 22.44]%;1.95;0.441;0.073;0.258;0.389;0.166
CLX [-12.66, 17.74]%, GOOGL [8.05, 19.52]%, IYR [-19.53, 11.91]%;SAP [2.94, 22.44]%;2.044;0.389;0.012;0.205;0.505;0.031
SPY [0.88, 7.83]%, NVDA [-5.70, 36.33]%, IYR [-3.90, 17.28]%;SAP [6.11, 16.12]%;1.939;0.093;0.033;0.07;0.673;0.359
XLF [-1.51, 9.74]%;SAP [6.78, 16.46]%;1.135;0.036;0.027;0.018;0.814;0.762
BA [-14.82, 50.53]%, XLE [-19.93, 9.26]%, SPY [-4.62, -0.89]%, IYR [-11.05, 5.72]%;SHY [0.45, 1.35]%;1.54;0.046;0.01;0.021;0.651;0.223
BA [-14.82, 50.53]%, XLE [-19.93, 9.26]%, SPY [-4.62, -0.89]%, IYR [-11.05, 5.72]%;SHY [0.45, 1.35]%;1.54;0.046;0.01;0.021;0.651;0.223
BA [-14.82, 50.53]%, XLE [-19.93, 9.26]%, SPY [-4.62, -0.89]%, IYR [-11.05, 5.72]%;SHY [0.45, 1.35]%;1.54;0.046;0.01;0.021;0.651;0.223
UUP [-2.60, 2.16]%, MSFT [-1.33, 16.89]%, SPY [-18.91, 7.79]%;SHY [-0.92, -0.33]%;1.206;0.027;0.016;0.012;0.511;0.606
UUP [-2.60, 2.16]%, MSFT [-1.33, 16.89]%, SPY [-18.91, 7.79]%;SHY [-0.92, -0.33]%;1.206;0.027;0.016;0.012;0.511;0.606
UUP [-2.60, 2.16]%, MSFT [-1.33, 16.89]%, SPY [-18.91, 7.79]%;SHY [-0.92, -0.33]%;1.206;0.027;0.016;0.012;0.511;0.606
INTC [0.23, 8.95]%, IYR [-15.54, 10.27]%, BA [-8.43, 79.62]%;SPY [0.00, 3.68]%;1.327;0.75;0.344;0.341;0.668;0.458
INTC [0.23, 8.95]%, IYR [-15.54, 10.27]%, BA [-8.43, 79.62]%;SPY [0.00, 3.68]%;1.327;0.75;0.344;0.341;0.668;0.458
month([2, 4]), SAP [2.01, 16.65]%, IYR [-11.28, 17.36]%;SPY [0.05, 13.31]%;1.503;0.881;0.063;0.318;0.682;0.072
NVDA [1.73, 10.18]%, DIS [6.43, 20.69]%, IYR [-7.87, 24.42]%;SPY [0.14, 5.14]%;1.447;0.8;0.014;0.251;0.724;0.017
XLE [0.46, 13.18]%, XLF [-30.05, 8.81]%;SPY [0.17, 2.75]%;1.286;0.613;0.305;0.271;0.699;0.497
XLE [0.46, 13.18]%, XLF [-30.05, 8.81]%;SPY [0.17, 2.75]%;1.286;0.613;0.305;0.271;0.699;0.497
EEM [2.20, 13.22]%;SPY [0.23, 2.09]%;1.266;0.513;0.117;0.14;0.872;0.228
EEM [2.20, 13.22]%;SPY [0.23, 2.09]%;1.266;0.513;0.117;0.14;0.872;0.228
GLD [-7.78, 12.09]%, month([1, 5]), EEM [2.36, 7.61]%, XLE [-23.72, 16.45]%, XLF [-17.66, 14.19]%;SPY [0.25, 8.77]%;1.661;0.89;0.076;0.387;0.559;0.085
AAPL [-2.65, 18.41]%, EEM [-3.10, 7.29]%, XLK [-1.13, 10.60]%, TLT [-6.50, 6.24]%, UUP [-1.71, 6.24]%, INTC [-22.03, 3.82]%, XLV [-0.77, 4.77]%, CLX [-12.02, 10.72]%;SPY [0.26, 17.92]%;1.422;0.762;0.27;0.351;0.535;0.355
IWM [-4.65, 7.06]%, IYR [-0.91, 5.21]%, XLK [-1.98, 2.66]%;SPY [0.30, 17.92]%;1.197;0.629;0.326;0.215;0.757;0.518
KO [-1.73, 10.09]%, XLK [-2.28, 1.38]%, IYR [-27.57, 8.30]%, week_number([558, 1027]), INTC [-5.59, -0.42]%;SPY [-0.33, 1.04]%;1.432;0.464;0.033;0.151;0.739;0.072
KO [-1.73, 10.09]%, XLK [-2.28, 1.38]%, IYR [-27.57, 8.30]%, week_number([558, 1027]), INTC [-5.59, -0.42]%;SPY [-0.33, 1.04]%;1.432;0.464;0.033;0.151;0.739;0.072
KO [-1.73, 10.09]%, XLK [-2.28, 1.38]%, IYR [-27.57, 8.30]%, week_number([558, 1027]), INTC [-5.59, -0.42]%;SPY [-0.33, 1.04]%;1.432;0.464;0.033;0.151;0.739;0.072
DIS [-10.18, 1.28]%, KO [1.43, 11.49]%, UUP [-2.47, 6.24]%, XLE [-7.12, 25.24]%, CLX [1.58, 20.26]%;SPY [0.33, 10.34]%;1.157;0.596;0.026;0.085;0.547;0.044
EEM [0.37, 26.51]%, JPM [-37.13, 39.76]%, BA [0.48, 83.62]%, AAPL [9.42, 18.41]%;SPY [-0.34, 11.87]%;1.501;1.0;0.013;0.338;0.462;0.013
JPM [-6.45, -0.06]%, SAP [2.13, 5.39]%;SPY [-0.34, 15.22]%;1.167;0.778;0.042;0.118;0.81;0.054
SHY [-0.24, 0.44]%, SAP [-28.84, 16.03]%, month([6, 8]), AAPL [-6.98, 18.41]%, XOM [-4.05, 5.97]%, week_number([799, 1124]);SPY [-0.40, 17.92]%;1.128;0.769;0.043;0.093;0.577;0.055
GOOGL [11.09, 25.72]%, JPM [-17.60, 27.53]%;SPY [-0.41, 17.92]%;1.379;0.941;0.014;0.262;0.533;0.015
JPM [-37.13, 25.83]%, IYR [-15.90, 12.68]%, EEM [0.63, 24.43]%;SPY [-0.44, 11.57]%;1.357;0.931;0.424;0.45;0.492;0.456
XLE [-16.25, 27.09]%, JPM [-28.63, 39.76]%, GOOGL [-6.17, 6.88]%, SAP [-14.91, 15.51]%, IYR [-7.77, 9.19]%, EEM [2.12, 7.14]%;SPY [-0.48, 5.28]%;1.424;0.969;0.189;0.358;0.575;0.195
month([1, 7]), JPM [-1.87, 26.14]%, EEM [-20.24, 28.15]%, IYR [-18.12, 13.91]%, CLX [-9.91, 10.66]%;SPY [0.48, 5.51]%;1.22;0.566;0.247;0.182;0.496;0.437
DIS [-7.34, 11.40]%, NVDA [-4.18, 31.23]%, TLT [-6.50, 9.99]%, CLX [1.58, 20.84]%, JPM [-14.04, 12.60]%, SAP [-15.18, 22.44]%, BA [-0.26, 80.52]%;SPY [0.50, 17.92]%;1.702;0.807;0.114;0.388;0.426;0.142
DIS [-10.96, 6.35]%, AAPL [6.66, 8.32]%, IYR [-23.82, 25.16]%, EFX [-21.13, 8.45]%;SPY [0.50, 17.92]%;1.171;0.556;0.017;0.084;0.55;0.031
HYG [-0.07, 5.51]%, XLE [-8.41, 1.57]%, JPM [-34.43, 13.03]%, IYR [-0.90, 24.50]%;SPY [0.55, 13.05]%;1.254;0.577;0.154;0.159;0.649;0.266
TLT [-1.96, 9.77]%, MSFT [3.57, 10.30]%, DIS [-4.89, 3.00]%;SPY [-0.55, 16.65]%;1.263;0.893;0.057;0.199;0.626;0.064
JPM [-17.48, 39.23]%, NVDA [8.14, 14.02]%, XLE [-8.61, 10.07]%, IYR [-23.78, 8.84]%, DIS [-7.59, 20.69]%, SAP [-3.27, 11.53]%;SPY [0.57, 10.13]%;1.72;0.778;0.054;0.35;0.591;0.069
SAP [-10.18, 21.19]%, AMZN [1.76, 24.45]%, JPM [-27.19, 28.52]%, IYR [-7.23, 3.87]%, EEM [0.97, 2.57]%;SPY [-0.61, 10.97]%;1.375;0.98;0.083;0.292;0.631;0.084
EFX [-2.69, 20.81]%, XLE [5.68, 20.23]%, INTC [-3.35, 29.47]%, IYR [-21.84, 33.08]%;SPY [-0.62, 14.34]%;1.37;0.979;0.039;0.276;0.519;0.04
AMZN [2.47, 24.04]%, SAP [-9.45, 13.53]%, JPM [-8.43, 27.47]%, IYR [-17.35, 11.11]%;SPY [0.64, 8.89]%;1.791;0.778;0.215;0.475;0.615;0.276
JPM [2.16, 7.29]%, IYR [-22.94, 4.25]%;SPY [-0.67, 4.02]%;1.329;0.92;0.195;0.289;0.794;0.212
JPM [2.16, 7.29]%, IYR [-22.94, 4.25]%;SPY [-0.67, 4.02]%;1.329;0.92;0.195;0.289;0.794;0.212
DIS [-19.46, 15.71]%, NVDA [14.98, 36.33]%, HYG [-11.65, 11.47]%, CPB [-1.99, 20.14]%, XLF [-25.39, 26.91]%, TLT [-6.50, 9.97]%, XOM [-19.76, 18.07]%, XLE [-34.55, 15.99]%;SPY [-0.68, 17.92]%;1.384;1.0;0.01;0.28;0.252;0.01
INTC [2.31, 35.18]%, KO [-10.41, 11.49]%, JPM [7.91, 39.76]%;SPY [0.69, 17.92]%;2.177;0.929;0.011;0.508;0.485;0.012
CLX [-4.16, 17.51]%, NVDA [-20.10, 4.03]%, XLE [3.22, 22.07]%, IYR [-31.10, 7.61]%, week_number([162, 971]);SPY [0.74, 5.94]%;1.776;0.717;0.037;0.33;0.551;0.051
EEM [-2.88, 8.72]%, BA [-35.82, 18.46]%, MU [6.08, 29.68]%, IYR [-20.87, 33.08]%, WMT [-14.02, 14.35]%;SPY [-0.75, 7.56]%;1.298;0.949;0.16;0.262;0.532;0.168
INTC [2.32, 13.23]%, IYR [-15.96, 6.63]%;SPY [-0.78, 5.41]%;1.261;0.917;0.225;0.252;0.775;0.246
IYR [-5.55, 18.46]%, BA [2.85, 81.37]%;SPY [0.83, 8.82]%;1.883;0.724;0.157;0.434;0.594;0.217
XLE [-2.48, 2.81]%, EEM [-25.71, 16.03]%, IWM [-5.37, 21.64]%, IYR [-23.53, 32.88]%;SPY [-0.87, 5.06]%;1.1;0.813;0.486;0.185;0.502;0.598
GOOGL [-16.83, 29.40]%, CPB [-6.23, 20.14]%, XOM [-3.02, 8.02]%, DIS [-13.74, 20.69]%, SHY [-0.92, 0.84]%;SPY [0.90, 12.42]%;1.12;0.419;0.336;0.228;0.341;0.803
AMZN [-2.28, 35.45]%, IYR [-4.94, 17.14]%;SPY [0.98, 4.85]%;1.277;0.432;0.315;0.346;0.651;0.73
AMZN [-2.28, 35.45]%, IYR [-4.94, 17.14]%;SPY [0.98, 4.85]%;1.277;0.432;0.315;0.346;0.651;0.73
EEM [-0.59, 6.59]%, NVDA [-23.84, 10.72]%, WMT [-0.48, 15.32]%, IYR [-3.10, 7.01]%, XLE [-18.97, 27.88]%, XLK [-5.52, 2.12]%;SPY [-0.99, 17.92]%;1.257;0.964;0.276;0.276;0.609;0.286
EEM [-17.16, 8.23]%, DIS [0.24, 0.59]%, XLF [-3.45, 6.96]%;SPY [-1.03, 4.27]%;1.212;0.909;0.043;0.167;0.802;0.047
EEM [-17.16, 8.23]%, DIS [0.24, 0.59]%, XLF [-3.45, 6.96]%;SPY [-1.03, 4.27]%;1.212;0.909;0.043;0.167;0.802;0.047
XLF [-6.68, 10.76]%, JPM [-0.11, 7.84]%, MSFT [-3.31, 5.68]%;SPY [-1.06, 13.98]%;1.257;0.972;0.474;0.388;0.735;0.487
CLX [-4.30, 13.22]%, JPM [-21.68, 12.28]%, IYR [-13.18, 31.03]%, EEM [6.44, 15.50]%;SPY [1.08, 12.90]%;2.71;0.895;0.015;0.574;0.577;0.016
JPM [-6.29, 6.37]%, SAP [-21.29, 3.21]%, HYG [-11.24, 9.56]%, AAPL [0.49, 14.94]%;SPY [1.34, 3.09]%;1.347;0.278;0.086;0.104;0.614;0.31
JPM [-6.29, 6.37]%, SAP [-21.29, 3.21]%, HYG [-11.24, 9.56]%, AAPL [0.49, 14.94]%;SPY [1.34, 3.09]%;1.347;0.278;0.086;0.104;0.614;0.31
month([3, 6]), JPM [-14.14, 9.21]%, IWM [-2.88, 15.30]%, IYR [-15.33, 8.92]%, XLE [-22.41, 8.89]%, AAPL [-13.22, 17.74]%;SPY [1.39, 7.13]%;1.179;0.297;0.085;0.063;0.609;0.288
JPM [-4.98, -1.78]%, SAP [-0.57, 16.67]%;SPY [-1.40, 0.46]%;1.379;0.475;0.041;0.143;0.857;0.086
JPM [-4.98, -1.78]%, SAP [-0.57, 16.67]%;SPY [-1.40, 0.46]%;1.379;0.475;0.041;0.143;0.857;0.086
JPM [-4.98, -1.78]%, SAP [-0.57, 16.67]%;SPY [-1.40, 0.46]%;1.379;0.475;0.041;0.143;0.857;0.086
GLD [-3.09, -2.71]%, IYR [-23.72, 8.17]%;SPY [1.46, 6.00]%;1.82;0.429;0.01;0.198;0.788;0.024
GOOGL [9.14, 29.40]%;SPY [-1.49, 7.67]%;1.167;0.967;0.025;0.142;0.657;0.026
JPM [-35.79, 34.00]%, EEM [-20.09, 16.44]%, EWP [-0.08, 19.94]%;SPY [1.55, 7.14]%;1.533;0.339;0.192;0.272;0.458;0.567
IWM [-1.17, 6.16]%, IYR [-16.08, 5.32]%;SPY [1.56, 10.48]%;1.254;0.279;0.189;0.176;0.754;0.678
KO [-0.98, 11.49]%, IYR [1.69, 4.64]%, EEM [-18.41, 9.74]%;SPY [1.57, 3.50]%;2.283;0.407;0.078;0.283;0.743;0.193
KO [-0.98, 11.49]%, IYR [1.69, 4.64]%, EEM [-18.41, 9.74]%;SPY [1.57, 3.50]%;2.283;0.407;0.078;0.283;0.743;0.193
XLE [-9.52, 15.01]%, BA [-1.36, 66.24]%, INTC [-17.73, 9.54]%, SAP [-19.58, 7.62]%, JPM [-23.97, 33.65]%;SPY [-1.83, 12.56]%;1.102;0.955;0.631;0.261;0.502;0.66
JPM [-0.72, 39.76]%, BA [-20.80, 84.78]%;SPY [1.83, 12.93]%;1.469;0.256;0.165;0.229;0.443;0.644
UUP [-2.55, 1.98]%, KO [0.30, 11.49]%;SPY [1.92, 17.92]%;1.574;0.261;0.106;0.16;0.596;0.406
EEM [0.47, 13.92]%, MU [-41.60, 3.80]%, IYR [-10.85, 8.47]%;SPY [1.92, 3.54]%;1.29;0.156;0.043;0.048;0.721;0.273
EEM [0.47, 13.92]%, MU [-41.60, 3.80]%, IYR [-10.85, 8.47]%;SPY [1.92, 3.54]%;1.29;0.156;0.043;0.048;0.721;0.273
CLX [-3.46, 7.37]%, TLT [0.34, 5.41]%, SAP [-15.66, 12.02]%, MSFT [3.72, 9.44]%;SPY [-1.93, 17.92]%;1.143;1.0;0.039;0.131;0.634;0.039
EEM [3.43, 4.66]%, IYR [-7.47, 4.08]%, WMT [-5.84, 12.16]%;SPY [-1.95, 3.61]%;1.103;0.924;0.052;0.092;0.781;0.056
EEM [3.43, 4.66]%, IYR [-7.47, 4.08]%, WMT [-5.84, 12.16]%;SPY [-1.95, 3.61]%;1.103;0.924;0.052;0.092;0.781;0.056
NVDA [-6.95, -1.24]%, SAP [-6.32, 22.44]%, DIS [-15.60, 4.78]%, IYR [-9.57, 31.28]%;SPY [-11.30, -0.81]%;1.71;0.436;0.105;0.238;0.589;0.241
month([3, 12]), XLE [-6.56, 0.63]%, EFX [-6.90, -4.31]%, IYR [-10.49, 9.88]%;SPY [-11.77, -0.37]%;2.494;0.8;0.01;0.485;0.678;0.013
IYR [-5.21, -1.94]%;SPY [-12.34, 0.54]%;1.599;0.853;0.113;0.368;0.8;0.133
IYR [-7.81, 20.01]%, XOM [-9.48, -4.73]%;SPY [-12.67, -1.50]%;2.912;0.475;0.024;0.328;0.718;0.05
EEM [-16.55, -2.16]%;SPY [-12.72, 1.04]%;1.456;0.958;0.175;0.367;0.68;0.183
NVDA [-3.23, 1.22]%, WMT [-14.79, 11.84]%, SAP [-6.09, 1.26]%, XLE [-33.71, 14.82]%, DIS [-18.00, 12.37]%;SPY [-14.83, -0.50]%;1.362;0.407;0.084;0.136;0.52;0.206
NVDA [-21.65, -6.75]%, XLE [-2.27, 27.88]%, IYR [-10.95, 7.02]%;SPY [-14.92, 1.66]%;1.199;0.943;0.043;0.164;0.644;0.045
IYR [-8.32, 9.16]%, MSFT [-16.96, 13.74]%, TLT [0.74, 9.82]%;SPY [-17.01, 1.55]%;1.115;0.86;0.288;0.133;0.456;0.335
week_number([661, 1150]), DIS [-20.56, 0.45]%, XLE [-29.61, 27.88]%, JPM [-11.38, 21.20]%, CPB [-13.61, 20.14]%, IYR [-13.95, 33.08]%, SAP [-16.02, 22.44]%;SPY [-17.96, -0.45]%;1.384;0.429;0.1;0.155;0.346;0.233
AMZN [-22.29, -1.16]%, IYR [-14.84, 4.99]%;SPY [-18.72, -0.95]%;2.11;0.499;0.162;0.389;0.624;0.325
TLT [-6.03, 8.50]%, INTC [-16.24, -8.64]%, month([2, 10]);SPY [-18.91, -1.79]%;4.881;0.654;0.015;0.532;0.478;0.022
XLE [-7.58, 4.89]%, EEM [4.83, 14.19]%, JPM [-27.83, 32.88]%, GLD [-10.50, 9.24]%;SPY [2.07, 10.12]%;4.654;0.655;0.016;0.527;0.566;0.025
CPB [-0.65, 9.17]%, INTC [-22.78, -2.01]%, CLX [-11.01, 5.14]%, IYR [-18.83, 14.48]%;SPY [-2.41, 0.73]%;1.372;0.677;0.096;0.214;0.671;0.142
CPB [-0.65, 9.17]%, INTC [-22.78, -2.01]%, CLX [-11.01, 5.14]%, IYR [-18.83, 14.48]%;SPY [-2.41, 0.73]%;1.372;0.677;0.096;0.214;0.671;0.142
XLE [-14.23, 0.42]%, AMZN [-14.02, 1.67]%, IYR [-7.38, 4.88]%;SPY [-2.47, 0.49]%;1.516;0.668;0.223;0.341;0.811;0.334
XLE [-14.23, 0.42]%, AMZN [-14.02, 1.67]%, IYR [-7.38, 4.88]%;SPY [-2.47, 0.49]%;1.516;0.668;0.223;0.341;0.811;0.334
NVDA [6.24, 33.33]%, XLK [-0.16, 8.43]%, DIS [-20.56, 11.72]%;SPY [2.51, 5.69]%;3.583;0.321;0.044;0.269;0.621;0.138
JPM [-15.97, 9.38]%, BA [8.05, 73.42]%, DIS [0.34, 6.68]%;SPY [2.60, 17.92]%;6.634;0.6;0.01;0.518;0.645;0.017
IWM [-1.31, 9.90]%, SAP [-23.69, 20.15]%, JPM [-0.08, 9.79]%, NVDA [-34.50, 20.25]%;SPY [3.05, 9.86]%;1.698;0.101;0.049;0.081;0.563;0.488
JPM [-32.01, 28.28]%, EEM [1.24, 10.39]%;SPY [3.06, 9.10]%;2.427;0.141;0.05;0.129;0.627;0.358
SAP [-18.11, 20.24]%, IWM [1.64, 9.51]%, DIS [-3.27, 19.94]%, BA [3.95, 84.78]%, EFX [-12.01, 20.81]%;SPY [3.31, 17.92]%;6.047;0.294;0.03;0.273;0.476;0.102
EEM [-10.49, 10.17]%, XLK [-0.53, 0.47]%, IYR [-12.26, 5.72]%;SPY [-3.35, 1.46]%;1.354;0.962;0.174;0.307;0.794;0.181
EEM [-10.49, 10.17]%, XLK [-0.53, 0.47]%, IYR [-12.26, 5.72]%;SPY [-3.35, 1.46]%;1.354;0.962;0.174;0.307;0.794;0.181
JPM [1.55, 12.63]%;SPY [3.59, 8.47]%;2.783;0.102;0.033;0.097;0.862;0.326
SAP [-14.75, 22.44]%, BA [1.53, 84.78]%;SPY [3.62, 10.51]%;2.435;0.096;0.033;0.086;0.474;0.348
JPM [-16.31, -6.14]%, IYR [-15.60, 20.50]%;SPY [-3.63, -0.20]%;1.275;0.41;0.014;0.092;0.737;0.033
JPM [-16.31, -6.14]%, IYR [-15.60, 20.50]%;SPY [-3.63, -0.20]%;1.275;0.41;0.014;0.092;0.737;0.033
AMZN [2.54, 24.24]%, XOM [-5.96, 11.30]%, EEM [1.79, 23.64]%, week_number([368, 1109]), EFX [-12.49, 20.81]%;SPY [3.80, 17.23]%;5.914;0.207;0.015;0.186;0.539;0.074
SAP [-23.78, -5.04]%, IYR [-18.83, 14.95]%;SPY [-3.83, -1.09]%;2.087;0.397;0.023;0.22;0.678;0.058
SAP [-23.78, -5.04]%, IYR [-18.83, 14.95]%;SPY [-3.83, -1.09]%;2.087;0.397;0.023;0.22;0.678;0.058
EEM [-0.64, 27.25]%, JPM [-1.01, 23.73]%, IYR [-11.41, 14.38]%, WMT [1.85, 9.97]%;SPY [3.85, 5.38]%;3.467;0.083;0.012;0.069;0.696;0.144
IYR [-13.38, 16.70]%, DIS [-20.56, 1.73]%;SPY [-3.93, 1.14]%;1.187;0.776;0.555;0.431;0.618;0.716
IYR [-13.38, 16.70]%, DIS [-20.56, 1.73]%;SPY [-3.93, 1.14]%;1.187;0.776;0.555;0.431;0.618;0.716
XLE [-4.39, 9.00]%, IYR [-10.11, 6.88]%, EEM [1.62, 14.66]%, JPM [-16.73, 15.83]%;SPY [3.95, 17.10]%;1.886;0.058;0.016;0.038;0.7;0.28
INTC [-20.79, 13.70]%, IYR [0.25, 26.68]%;SPY [4.17, 13.82]%;1.515;0.034;0.017;0.023;0.612;0.508
CLX [-3.64, 9.53]%, INTC [-9.39, -4.77]%, IYR [-24.18, 3.57]%, XLE [-3.92, 0.23]%;SPY [-5.68, -0.27]%;2.658;0.885;0.02;0.564;0.783;0.022
GOOGL [-5.89, 1.92]%, EWP [-15.97, 19.94]%, IYR [-10.75, 6.65]%;SPY [-5.76, -2.80]%;1.205;0.062;0.037;0.026;0.677;0.595
UUP [-2.25, 1.38]%, BA [-23.37, 48.02]%, IYR [-25.42, 0.51]%;SPY [-5.91, 1.74]%;1.158;0.919;0.379;0.214;0.622;0.412
TLT [2.73, 6.75]%, BA [-38.42, 63.54]%;SPY [-6.06, 0.47]%;1.304;0.667;0.039;0.165;0.597;0.059
SAP [-13.39, 4.66]%, EEM [-12.56, -3.91]%, IYR [-10.10, 14.17]%, DIS [-20.56, 7.64]%;SPY [-6.09, 1.22]%;1.327;0.923;0.061;0.244;0.645;0.067
XLV [-6.53, 6.25]%, IYR [-5.76, 21.82]%, SAP [-5.69, -0.61]%, EEM [-11.96, -3.22]%;SPY [-6.40, -2.84]%;4.377;0.22;0.011;0.179;0.738;0.05
SAP [-7.22, -1.57]%, IYR [-12.27, 10.34]%;SPY [-6.73, -0.46]%;2.0;0.597;0.152;0.401;0.789;0.254
IYR [-7.75, -0.14]%, JPM [-8.98, 17.80]%;SPY [-6.74, 0.82]%;1.37;0.82;0.323;0.365;0.776;0.394
SAP [-28.84, -5.01]%, EEM [-5.59, 28.15]%;SPY [-6.84, -1.88]%;2.905;0.34;0.015;0.233;0.591;0.045
SAP [-7.55, -5.86]%, EEM [-13.91, 1.49]%;SPY [-7.09, 1.21]%;1.376;0.958;0.02;0.268;0.819;0.02
GOOGL [-12.77, 29.40]%, INTC [-12.35, 6.85]%, XLK [-17.04, 8.49]%, IYR [-14.91, -0.35]%, XLE [-4.77, 2.89]%;SPY [-7.64, -2.60]%;1.528;0.106;0.027;0.049;0.591;0.259
JPM [-18.11, 36.64]%, BA [-4.36, 84.78]%, IYR [-16.16, 18.13]%, XOM [-0.14, 0.28]%;SPY [-7.74, 1.74]%;1.111;0.889;0.055;0.094;0.555;0.061
XLE [-5.60, -0.63]%, MU [-45.48, 31.72]%, IYR [-7.58, 4.04]%;TLT [0.18, 7.15]%;1.276;0.608;0.19;0.191;0.618;0.313
DIS [-20.56, 9.08]%, EEM [-25.71, 1.05]%, XLE [-20.77, 14.13]%, IYR [-14.52, 13.92]%, CLX [-7.57, 11.99]%, AAPL [2.57, 15.56]%, SAP [-21.13, 22.44]%;TLT [-0.25, 5.96]%;1.186;0.689;0.079;0.122;0.467;0.115
IYR [-14.66, 12.59]%, NVDA [-20.64, -3.92]%, EFX [-18.89, 20.81]%, DIS [-20.56, 20.69]%, JPM [-34.11, -2.32]%, SPY [-2.52, 17.92]%, AAPL [-23.73, 17.64]%, XOM [-25.08, 16.64]%, BA [-15.96, 3.52]%;TLT [-0.25, 6.25]%;1.187;0.688;0.019;0.111;0.419;0.027
SAP [-22.62, 16.09]%, IYR [0.42, 15.11]%, JPM [-12.66, 10.63]%;TLT [-0.36, 2.97]%;1.14;0.64;0.304;0.15;0.633;0.474
SAP [-22.62, 16.09]%, IYR [0.42, 15.11]%, JPM [-12.66, 10.63]%;TLT [-0.36, 2.97]%;1.14;0.64;0.304;0.15;0.633;0.474
NVDA [-34.50, 25.53]%, IYR [-3.06, 23.70]%, DIS [-2.37, 0.21]%;TLT [0.60, 5.32]%;1.175;0.435;0.126;0.092;0.604;0.29
NVDA [-34.50, -10.59]%, IYR [-23.37, 24.06]%, XLE [-19.43, -1.27]%, EFX [-13.13, 8.94]%, SHY [-0.17, 0.44]%;TLT [-1.36, 9.76]%;1.134;0.895;0.015;0.107;0.557;0.016
XLE [-16.02, 0.61]%, CLX [-7.67, 9.72]%;TLT [1.49, 4.75]%;1.547;0.286;0.144;0.204;0.688;0.503
XLE [-16.02, 0.61]%, CLX [-7.67, 9.72]%;TLT [1.49, 4.75]%;1.547;0.286;0.144;0.204;0.688;0.503
month([6, 10]), SPY [-6.54, 1.31]%, IYR [-11.83, 3.08]%;TLT [1.56, 4.64]%;1.183;0.205;0.058;0.044;0.756;0.283
month([6, 10]), SPY [-6.54, 1.31]%, IYR [-11.83, 3.08]%;TLT [1.56, 4.64]%;1.183;0.205;0.058;0.044;0.756;0.283
SPY [-13.37, -3.30]%, IYR [-7.48, 10.39]%;TLT [1.62, 11.65]%;2.99;0.513;0.017;0.353;0.635;0.033
IWM [2.14, 8.48]%, SPY [-11.00, 3.52]%, IYR [-11.98, 25.49]%;TLT [-1.76, 0.24]%;1.136;0.435;0.08;0.064;0.694;0.184
IWM [2.14, 8.48]%, SPY [-11.00, 3.52]%, IYR [-11.98, 25.49]%;TLT [-1.76, 0.24]%;1.136;0.435;0.08;0.064;0.694;0.184
IWM [2.14, 8.48]%, SPY [-11.00, 3.52]%, IYR [-11.98, 25.49]%;TLT [-1.76, 0.24]%;1.136;0.435;0.08;0.064;0.694;0.184
SPY [-15.48, -1.86]%, IYR [-11.70, 7.75]%;TLT [1.81, 2.93]%;2.13;0.194;0.024;0.118;0.755;0.123
SPY [-15.48, -1.86]%, IYR [-11.70, 7.75]%;TLT [1.81, 2.93]%;2.13;0.194;0.024;0.118;0.755;0.123
IYR [-7.74, 33.08]%, AAPL [-7.88, -1.70]%, EWP [-26.58, 6.82]%;TLT [2.63, 8.57]%;1.413;0.089;0.02;0.034;0.545;0.23
JPM [-15.10, 0.25]%, IYR [-10.21, 8.21]%;TLT [2.71, 8.89]%;1.408;0.086;0.041;0.048;0.726;0.474
XLK [-6.49, 8.65]%, XLV [3.04, 8.39]%, GOOGL [-9.46, 13.47]%, IYR [-1.39, 12.24]%, DIS [-10.87, 20.69]%;TLT [-3.69, -0.09]%;1.156;0.492;0.026;0.07;0.608;0.054
XLK [-6.49, 8.65]%, XLV [3.04, 8.39]%, GOOGL [-9.46, 13.47]%, IYR [-1.39, 12.24]%, DIS [-10.87, 20.69]%;TLT [-3.69, -0.09]%;1.156;0.492;0.026;0.07;0.608;0.054
SAP [-25.98, -1.97]%, IYR [-13.96, 8.99]%;TLT [3.97, 11.90]%;2.495;0.051;0.012;0.04;0.581;0.234
XLV [-8.91, 7.31]%, UUP [-3.87, 6.24]%, SPY [-17.52, 12.46]%, INTC [-13.06, 11.22]%, AAPL [6.44, 18.41]%, SAP [-11.43, 5.04]%, HYG [-11.65, 7.77]%;TLT [-4.17, -0.71]%;1.145;0.352;0.016;0.047;0.453;0.046
XLV [-8.91, 7.31]%, UUP [-3.87, 6.24]%, SPY [-17.52, 12.46]%, INTC [-13.06, 11.22]%, AAPL [6.44, 18.41]%, SAP [-11.43, 5.04]%, HYG [-11.65, 7.77]%;TLT [-4.17, -0.71]%;1.145;0.352;0.016;0.047;0.453;0.046
NVDA [0.94, 16.26]%, DIS [-9.47, 3.45]%, SAP [-14.38, 12.71]%, EEM [1.28, 3.31]%, XLE [-31.63, 23.51]%, SPY [-18.91, 13.09]%, WMT [3.45, 13.59]%;TLT [-5.55, 1.94]%;1.15;1.0;0.011;0.132;0.557;0.011
month([1, 6]), XLE [0.28, 27.88]%, GOOGL [-16.83, 29.40]%, SPY [-18.91, 11.44]%, XLK [-8.30, 6.16]%, EFX [-3.09, 6.63]%;TLT [-5.87, 0.03]%;1.175;0.556;0.122;0.106;0.476;0.219
IYR [-10.03, 0.38]%;UUP [0.16, 6.24]%;1.201;0.474;0.238;0.159;0.641;0.502
NVDA [-24.52, -4.66]%, SPY [-1.93, 12.75]%, DIS [-20.56, 2.21]%;UUP [0.25, 0.63]%;1.711;0.229;0.019;0.104;0.683;0.082
NVDA [-24.52, -4.66]%, SPY [-1.93, 12.75]%, DIS [-20.56, 2.21]%;UUP [0.25, 0.63]%;1.711;0.229;0.019;0.104;0.683;0.082
NVDA [-24.52, -4.66]%, SPY [-1.93, 12.75]%, DIS [-20.56, 2.21]%;UUP [0.25, 0.63]%;1.711;0.229;0.019;0.104;0.683;0.082
SPY [-18.91, 17.92]%, QQQ [-2.78, 14.83]%, HYG [-5.30, 11.47]%, week_number([657, 1132]), XLE [-19.86, 12.47]%, XLK [-17.04, 15.47]%, IWM [-8.62, 21.65]%, TLT [3.00, 5.79]%;UUP [-1.03, 0.21]%;2.007;0.762;0.014;0.389;0.428;0.018
SPY [-18.91, 17.92]%, QQQ [-2.78, 14.83]%, HYG [-5.30, 11.47]%, week_number([657, 1132]), XLE [-19.86, 12.47]%, XLK [-17.04, 15.47]%, IWM [-8.62, 21.65]%, TLT [3.00, 5.79]%;UUP [-1.03, 0.21]%;2.007;0.762;0.014;0.389;0.428;0.018
SPY [-18.91, 17.92]%, QQQ [-2.78, 14.83]%, HYG [-5.30, 11.47]%, week_number([657, 1132]), XLE [-19.86, 12.47]%, XLK [-17.04, 15.47]%, IWM [-8.62, 21.65]%, TLT [3.00, 5.79]%;UUP [-1.03, 0.21]%;2.007;0.762;0.014;0.389;0.428;0.018
EFX [-28.20, 8.79]%, JPM [0.37, 2.27]%, SPY [-8.82, 10.56]%, SAP [-25.24, 22.44]%;UUP [-1.10, -0.06]%;1.103;0.316;0.078;0.039;0.546;0.248
EFX [-28.20, 8.79]%, JPM [0.37, 2.27]%, SPY [-8.82, 10.56]%, SAP [-25.24, 22.44]%;UUP [-1.10, -0.06]%;1.103;0.316;0.078;0.039;0.546;0.248
EFX [-28.20, 8.79]%, JPM [0.37, 2.27]%, SPY [-8.82, 10.56]%, SAP [-25.24, 22.44]%;UUP [-1.10, -0.06]%;1.103;0.316;0.078;0.039;0.546;0.248
SAP [-13.97, -1.15]%, IYR [-6.72, 8.47]%;UUP [1.20, 2.70]%;1.761;0.158;0.048;0.098;0.792;0.303
SAP [-13.97, -1.15]%, IYR [-6.72, 8.47]%;UUP [1.20, 2.70]%;1.761;0.158;0.048;0.098;0.792;0.303
JPM [1.57, 9.63]%, CPB [-9.96, 20.14]%, AMZN [-13.28, 3.96]%, INTC [-19.34, 39.41]%, SAP [-3.32, 11.21]%;UUP [-1.64, 1.12]%;1.166;0.812;0.166;0.145;0.56;0.205
JPM [1.57, 9.63]%, CPB [-9.96, 20.14]%, AMZN [-13.28, 3.96]%, INTC [-19.34, 39.41]%, SAP [-3.32, 11.21]%;UUP [-1.64, 1.12]%;1.166;0.812;0.166;0.145;0.56;0.205
JPM [1.57, 9.63]%, CPB [-9.96, 20.14]%, AMZN [-13.28, 3.96]%, INTC [-19.34, 39.41]%, SAP [-3.32, 11.21]%;UUP [-1.64, 1.12]%;1.166;0.812;0.166;0.145;0.56;0.205
XLV [3.57, 8.21]%, week_number([679, 1041]), IYR [-1.18, 6.54]%, GOOGL [-4.84, 17.15]%;UUP [-4.27, 3.70]%;1.168;1.0;0.013;0.146;0.635;0.013
SAP [-3.81, 21.62]%, AMZN [0.60, 20.91]%, IYR [-11.04, 9.33]%;WMT [0.14, 3.49]%;1.145;0.497;0.222;0.113;0.692;0.446
SAP [-3.81, 21.62]%, AMZN [0.60, 20.91]%, IYR [-11.04, 9.33]%;WMT [0.14, 3.49]%;1.145;0.497;0.222;0.113;0.692;0.446
AMZN [-21.57, 35.80]%, EWP [-26.58, 19.94]%, SPY [3.74, 6.46]%, IYR [-31.10, 15.25]%;WMT [0.22, 15.32]%;1.615;0.816;0.026;0.321;0.371;0.032
IYR [-16.71, 6.23]%, DIS [5.28, 18.24]%;WMT [-0.59, 13.01]%;1.156;0.759;0.035;0.107;0.645;0.046
AMZN [-15.32, 40.68]%, NVDA [-0.63, 36.33]%, month([5, 6]), BA [-11.11, 30.85]%, SHY [-0.80, 1.35]%;WMT [0.78, 2.72]%;1.112;0.291;0.032;0.033;0.526;0.108
AMZN [-15.32, 40.68]%, NVDA [-0.63, 36.33]%, month([5, 6]), BA [-11.11, 30.85]%, SHY [-0.80, 1.35]%;WMT [0.78, 2.72]%;1.112;0.291;0.032;0.033;0.526;0.108
EEM [-11.97, 16.68]%, NVDA [0.25, 34.59]%, BA [-39.45, 40.69]%, AAPL [-20.01, 18.41]%, CLX [-6.03, 9.51]%, IYR [-7.97, 8.51]%, SPY [4.29, 6.73]%;WMT [1.74, 11.36]%;2.893;0.706;0.01;0.469;0.55;0.015
EEM [4.04, 28.15]%, GOOGL [-10.21, 23.41]%, SAP [-1.66, 12.84]%, SPY [-13.09, 7.24]%, DIA [-18.87, 15.11]%, IYR [-5.02, 23.95]%;WMT [-1.84, 8.79]%;1.15;0.944;0.057;0.131;0.462;0.061
EEM [-14.55, 14.79]%, BA [4.84, 50.44]%;WMT [2.66, 8.06]%;1.811;0.244;0.026;0.123;0.645;0.108
IYR [-0.22, 4.31]%;WMT [4.13, 12.67]%;1.238;0.068;0.037;0.028;0.841;0.543
SPY [0.20, 12.22]%, JPM [-3.25, 12.85]%, IYR [-3.11, 11.41]%;WMT [4.38, 7.84]%;1.114;0.043;0.022;0.009;0.784;0.519
SPY [-0.14, 5.54]%, AMZN [-22.29, 40.66]%, IYR [-23.46, 4.77]%;XLE [0.02, 1.29]%;1.293;0.225;0.131;0.123;0.596;0.584
SPY [-0.14, 5.54]%, AMZN [-22.29, 40.66]%, IYR [-23.46, 4.77]%;XLE [0.02, 1.29]%;1.293;0.225;0.131;0.123;0.596;0.584
SPY [-0.14, 5.54]%, AMZN [-22.29, 40.66]%, IYR [-23.46, 4.77]%;XLE [0.02, 1.29]%;1.293;0.225;0.131;0.123;0.596;0.584
NVDA [-20.39, 7.61]%, SPY [-7.59, 12.77]%, EEM [-5.22, 2.43]%, IWM [0.95, 17.91]%;XLE [0.34, 14.32]%;1.347;0.699;0.148;0.229;0.663;0.212
EEM [0.79, 2.26]%, IYR [-16.54, 13.04]%;XLE [-0.34, 20.97]%;1.183;0.705;0.142;0.137;0.723;0.202
EEM [-25.71, 11.23]%, XLK [0.95, 6.73]%, SPY [-18.91, 17.92]%, MU [-27.88, 16.84]%, HYG [-7.68, 11.47]%;XLE [-0.37, 16.83]%;1.241;0.743;0.24;0.213;0.42;0.323
EEM [-24.90, 17.83]%, GOOGL [3.45, 11.63]%, XLK [-7.62, 13.32]%, EFX [-3.65, 0.70]%, IYR [-18.79, 15.26]%, BA [-39.91, 84.78]%;XLE [-0.58, 5.17]%;1.199;0.672;0.035;0.118;0.527;0.052
DIS [-16.83, 5.08]%, SPY [-6.63, 9.62]%, AAPL [-0.38, 18.41]%;XLE [-0.69, 2.72]%;1.132;0.475;0.272;0.13;0.633;0.573
DIS [-16.83, 5.08]%, SPY [-6.63, 9.62]%, AAPL [-0.38, 18.41]%;XLE [-0.69, 2.72]%;1.132;0.475;0.272;0.13;0.633;0.573
MU [2.87, 41.42]%, JPM [-14.66, 33.56]%, CPB [-0.63, 17.10]%, IYR [-6.12, 6.09]%;XLE [-1.59, 23.57]%;1.199;0.88;0.189;0.186;0.562;0.214
AMZN [-10.98, 9.89]%, KO [0.69, 8.97]%, JPM [-2.16, 14.92]%, IYR [-2.35, 9.14]%;XLE [1.79, 8.92]%;1.267;0.398;0.123;0.121;0.777;0.309
XOM [-8.76, -3.41]%;XLE [-10.07, -4.36]%;6.86;0.468;0.05;0.448;0.893;0.108
UUP [-3.37, 5.30]%, IYR [-15.95, 32.80]%, INTC [-7.81, 0.81]%;XLE [-11.19, -0.89]%;1.347;0.455;0.203;0.212;0.54;0.446
XLV [-13.56, 4.41]%, UUP [0.15, 5.81]%, INTC [-24.86, 4.42]%, WMT [-16.64, 7.63]%, IYR [-7.43, 3.29]%;XLE [-13.79, -2.57]%;1.299;0.232;0.075;0.079;0.548;0.324
EEM [-13.35, -7.06]%;XLE [-14.48, -0.45]%;2.208;0.857;0.015;0.477;0.829;0.018
AMZN [-22.29, 29.79]%, NVDA [-3.20, -1.42]%;XLE [-15.66, -0.67]%;1.384;0.508;0.055;0.158;0.636;0.108
XLK [-17.04, 5.18]%, UUP [-3.16, 0.17]%;XLE [2.62, 17.74]%;1.169;0.253;0.113;0.066;0.59;0.448
GLD [-6.99, 5.98]%, AMZN [-22.29, 40.68]%, month([3, 6]), EWP [-19.15, 11.70]%, BA [-0.60, 44.29]%;XLE [2.82, 7.95]%;1.175;0.216;0.043;0.04;0.518;0.198
UUP [-0.18, 6.24]%, EFX [-15.72, -0.18]%, SPY [-12.74, 17.92]%, XOM [-20.29, 18.07]%, BA [-12.28, 22.99]%;XLE [-26.08, -8.01]%;2.396;0.049;0.011;0.037;0.474;0.226
SAP [-19.48, -1.46]%, DIS [-12.50, -4.40]%;XLE [-28.36, -3.71]%;4.557;0.478;0.019;0.389;0.686;0.039
IWM [-0.67, 17.34]%, CLX [-8.82, 10.45]%, IYR [-7.99, 33.08]%;XLE [3.20, 15.07]%;1.35;0.224;0.144;0.163;0.557;0.645
EEM [-25.71, 5.34]%, AMZN [6.58, 40.68]%, XLK [-10.76, 4.64]%, GOOGL [-9.98, 20.17]%, UUP [-3.23, 4.83]%, IYR [-11.94, 15.36]%, TLT [-6.44, 11.91]%;XLE [3.46, 27.88]%;1.471;0.222;0.012;0.075;0.401;0.054
IYR [1.35, 11.60]%;XLE [3.69, 27.88]%;1.798;0.241;0.073;0.154;0.726;0.305
QQQ [2.33, 9.70]%, NVDA [-6.33, 13.49]%, SAP [-7.33, 14.65]%;XLE [3.79, 19.84]%;1.799;0.229;0.037;0.121;0.699;0.16
EEM [2.24, 19.63]%, SPY [-2.73, 6.54]%, IYR [-15.22, 8.08]%;XLE [4.53, 14.08]%;2.845;0.25;0.055;0.207;0.727;0.218
NVDA [-0.12, 15.96]%, KO [-9.54, 11.49]%, SPY [-12.42, 17.92]%;XLE [5.55, 27.88]%;1.1;0.057;0.032;0.012;0.477;0.551
INTC [-20.78, -3.32]%, IYR [-25.85, 6.16]%;XLE [-6.17, -4.12]%;2.86;0.129;0.022;0.102;0.74;0.172
SPY [-5.23, -4.03]%;XLE [-7.13, 0.82]%;1.649;0.867;0.011;0.345;0.92;0.013
GOOGL [-5.18, 10.58]%, IWM [0.24, 11.44]%;XLE [7.87, 19.25]%;1.726;0.034;0.016;0.027;0.744;0.479
NVDA [-34.50, 8.16]%, XLK [-1.27, 5.60]%, AMZN [-15.18, 20.28]%, EEM [-21.35, 18.08]%, DIS [-19.23, 20.69]%, SAP [-16.41, 22.44]%, TLT [-6.25, 11.91]%, EWP [-10.14, 18.52]%;XLF [0.32, 27.77]%;1.176;0.575;0.38;0.253;0.346;0.66
INTC [-4.49, 0.35]%, IYR [2.20, 18.45]%;XLF [-0.54, 25.47]%;1.233;0.796;0.037;0.158;0.752;0.046
CLX [-6.93, 18.39]%, EWP [-3.97, 19.94]%, DIS [-1.75, 20.69]%, SPY [-3.48, 13.25]%, IYR [-21.00, 21.98]%;XLF [-0.71, 10.03]%;1.204;0.798;0.563;0.459;0.488;0.706
EEM [0.50, 16.64]%, XLE [-11.17, 27.88]%, DIS [-8.27, 12.94]%, GOOGL [-3.77, 11.96]%, month([6, 11]), BA [-12.24, 25.20]%, SAP [-15.93, 21.13]%, IYR [3.30, 8.97]%;XLF [2.12, 11.46]%;3.384;0.705;0.026;0.516;0.612;0.038
NVDA [2.08, 14.11]%, IYR [-2.49, 13.54]%;XLF [3.22, 28.62]%;1.722;0.175;0.061;0.112;0.723;0.346
EFX [-11.11, 4.06]%, SPY [-7.13, 12.50]%, IYR [-11.51, 9.88]%, EWP [1.55, 19.94]%, EEM [-7.59, 19.28]%;XLF [4.95, 31.52]%;1.179;0.046;0.011;0.009;0.587;0.24
INTC [0.22, 19.20]%, UUP [-3.43, -0.17]%, IYR [-28.96, 32.29]%;XLF [5.85, 24.07]%;2.648;0.075;0.015;0.058;0.546;0.195
XLE [-20.89, 4.35]%, IYR [1.42, 8.57]%;XLK [0.77, 14.37]%;1.543;0.673;0.158;0.309;0.689;0.235
MU [-18.24, 41.42]%, TLT [-4.82, 8.61]%, MSFT [3.03, 16.89]%;XLK [-0.85, 9.24]%;1.319;0.96;0.163;0.279;0.466;0.17
month([1, 9]), BA [-38.02, 44.92]%, XLE [-33.15, 13.13]%, SPY [-1.32, 8.33]%, EWP [-0.98, 16.81]%;XLK [-0.86, 6.88]%;1.228;0.882;0.422;0.314;0.498;0.478
BA [-26.62, 48.80]%, EFX [8.03, 20.81]%, week_number([388, 1172]);XLK [-0.93, 12.53]%;1.284;0.95;0.016;0.214;0.518;0.017
DIS [-20.36, 20.58]%, IYR [-27.94, 6.24]%, SPY [-14.60, 17.92]%, HYG [2.13, 11.47]%;XLK [0.98, 5.63]%;1.999;0.733;0.019;0.376;0.409;0.026
DIS [-3.75, 14.66]%, UUP [-2.13, 3.14]%, INTC [7.45, 8.81]%, IYR [-21.74, 18.28]%;XLK [-1.12, 13.79]%;1.217;0.923;0.01;0.166;0.594;0.011
NVDA [-2.10, 29.96]%, XLE [-13.96, 21.51]%, IYR [-7.09, 7.15]%;XLK [1.24, 3.69]%;1.315;0.343;0.236;0.264;0.671;0.689
NVDA [-2.10, 29.96]%, XLE [-13.96, 21.51]%, IYR [-7.09, 7.15]%;XLK [1.24, 3.69]%;1.315;0.343;0.236;0.264;0.671;0.689
MU [-13.83, 41.42]%, DIA [-0.38, 15.11]%, GOOGL [8.89, 19.66]%, XLF [-15.61, 31.52]%;XLK [-1.55, 15.47]%;1.239;1.0;0.023;0.197;0.478;0.023
week_number([749, 1172]), BA [-29.94, 61.82]%;XLK [1.57, 13.17]%;1.265;0.369;0.132;0.12;0.517;0.358
AMZN [-22.29, 40.68]%, GOOGL [8.76, 18.42]%, JPM [-37.13, 31.44]%, KO [-10.57, 8.56]%, XLE [-6.06, 16.78]%, MU [0.11, 41.42]%, BA [-1.03, 24.12]%;XLK [1.68, 15.47]%;2.836;0.765;0.011;0.502;0.476;0.015
JPM [-9.12, 2.22]%, SAP [-1.58, 22.44]%, IYR [-6.22, 6.56]%;XLK [-1.70, 13.41]%;1.101;0.9;0.444;0.162;0.68;0.493
MU [-35.17, 41.42]%, EFX [-1.77, 4.77]%, BA [-16.50, 60.75]%, IYR [-24.00, 21.92]%, CLX [4.49, 7.76]%;XLK [-1.70, 5.60]%;1.122;0.893;0.021;0.099;0.558;0.024
JPM [-34.23, 33.92]%, AMZN [-11.97, -1.92]%, IYR [-9.17, 18.83]%;XLK [-10.67, -3.28]%;2.881;0.246;0.063;0.216;0.573;0.257
EEM [-14.57, 0.91]%, EWP [-20.08, 14.23]%, SAP [-5.61, 6.66]%, IYR [-10.45, 11.64]%, SPY [-13.37, -0.31]%;XLK [-11.06, 0.69]%;1.802;0.975;0.265;0.595;0.613;0.271
AMZN [-9.82, 40.68]%, IYR [-13.64, 0.09]%, AAPL [-12.34, 18.41]%, SHY [-0.92, 1.35]%, TLT [-4.46, 10.40]%;XLK [-11.87, 1.06]%;1.255;0.785;0.336;0.279;0.343;0.428
EEM [-9.67, 17.09]%, IYR [-11.06, 11.19]%, BA [6.80, 84.03]%;XLK [2.16, 13.94]%;3.084;0.6;0.031;0.427;0.544;0.051
SAP [-26.32, -2.46]%, XLV [-16.11, 0.48]%, IYR [-3.19, 8.98]%;XLK [-2.32, 0.90]%;1.27;0.579;0.06;0.137;0.642;0.103
SAP [-26.32, -2.46]%, XLV [-16.11, 0.48]%, IYR [-3.19, 8.98]%;XLK [-2.32, 0.90]%;1.27;0.579;0.06;0.137;0.642;0.103
week_number([637, 909]), IYR [-0.43, 6.63]%;XLK [2.52, 9.61]%;1.331;0.215;0.032;0.063;0.813;0.151
EFX [-10.85, 1.65]%, MSFT [-9.88, 10.56]%, BA [-22.07, 64.77]%;XLK [-4.82, -1.12]%;1.309;0.266;0.178;0.191;0.589;0.671
EFX [-10.85, 1.65]%, MSFT [-9.88, 10.56]%, BA [-22.07, 64.77]%;XLK [-4.82, -1.12]%;1.309;0.266;0.178;0.191;0.589;0.671
SAP [-10.98, -5.29]%, IYR [-6.44, 5.88]%;XLK [-5.33, 0.64]%;1.384;0.711;0.027;0.205;0.838;0.038
EFX [3.10, 17.45]%, EEM [-19.48, 11.27]%;XLK [5.68, 10.59]%;3.191;0.068;0.011;0.056;0.669;0.163
NVDA [-11.06, -4.08]%, DIS [-12.44, 20.69]%, BA [1.70, 65.95]%, MU [-21.63, 41.42]%, XOM [-24.65, 16.48]%;XLK [-6.16, -0.36]%;1.673;0.545;0.026;0.23;0.457;0.047
NVDA [-5.71, 24.59]%, MU [-17.09, 22.25]%, KO [-14.43, 11.49]%, IYR [-18.18, -3.42]%;XLK [-9.56, -2.80]%;2.22;0.227;0.013;0.132;0.567;0.056
UUP [-0.74, 4.34]%, XLE [-14.65, 15.25]%, DIS [-20.56, 0.85]%, AAPL [-6.71, 14.42]%, TLT [-6.50, 8.92]%;XLV [-12.47, 0.42]%;1.156;0.612;0.244;0.137;0.446;0.398
BA [-11.50, 61.39]%, INTC [-2.26, 26.48]%, IYR [-15.34, -0.85]%;XLV [-15.57, -0.23]%;1.389;0.542;0.089;0.181;0.54;0.164
NVDA [-12.56, -1.74]%, CPB [-13.15, 20.14]%, DIS [-12.14, 5.22]%, EWP [-12.07, 11.48]%, IYR [-26.34, 21.77]%, SPY [-8.21, 5.89]%;XLV [-16.11, 1.00]%;1.183;0.798;0.225;0.172;0.443;0.282
SPY [-7.19, 10.31]%, GOOGL [-9.88, -2.99]%, XLE [-12.24, 23.15]%, IYR [-9.98, 12.61]%;XLV [-8.58, 0.73]%;1.232;0.733;0.101;0.16;0.615;0.137
XLE [-19.20, 10.59]%, INTC [-22.31, 30.52]%, month([2, 4]), IYR [-10.68, 16.95]%, EEM [-12.25, -2.25]%;XOM [-7.35, -1.93]%;1.998;0.392;0.017;0.205;0.642;0.044
